id,status,chance_of_playing_next_round,chance_of_playing_this_round,now_cost,now_cost_rank,now_cost_rank_type,cost_change_event,cost_change_event_fall,cost_change_start,cost_change_start_fall,selected_by_percent,selected_rank,selected_rank_type,total_points,event_points,points_per_game,points_per_game_rank,points_per_game_rank_type,bonus,bps,form,form_rank,form_rank_type,value_form,value_season,dreamteam_count,transfers_in,transfers_in_event,transfers_out,transfers_out_event,ep_next,ep_this,expected_goals,expected_assists,expected_goal_involvements,expected_goals_conceded,expected_goals_per_90,expected_assists_per_90,expected_goal_involvements_per_90,expected_goals_conceded_per_90,influence,influence_rank,influence_rank_type,creativity,creativity_rank,creativity_rank_type,threat,threat_rank,threat_rank_type,ict_index,ict_index_rank,ict_index_rank_type,corners_and_indirect_freekicks_order,direct_freekicks_order,penalties_order,gw,set_piece_threat,first_name_x,second_name_x,web_name_x,news,news_added,minutes,goals_scored,assists,clean_sheets,goals_conceded,own_goals,penalties_saved,penalties_missed,yellow_cards,red_cards,saves,starts,defensive_contribution,corners_and_indirect_freekicks_text,direct_freekicks_text,penalties_text,saves_per_90,clean_sheets_per_90,goals_conceded_per_90,starts_per_90,defensive_contribution_per_90,tackles,clearances_blocks_interceptions,recoveries,player_code,player_id,first_name_y,second_name_y,web_name_y,team_code,position,price_gbp_m,snapshot_utc,snapshot_source
32,a,,,4.5,430,96,0,0,0,0,9.0,46,18,0,0,0.0,259,106,0,0,0.0,259,106,0.0,0.0,0,15839,15839,3917,3917,1.7,1.7,0.0,0.0,0.0,0.0,0.0,0.0,0.0,0.0,0.0,104,69,0.0,104,69,0.0,104,69,0.0,104,69,1.0,,,1,,Matty,Cash,Cash,,,0,0,0,0,0,0,0,0,0,0,0,0,0,,,,0,0.0,0.0,0.0,0.0,0,0,0,199796,32,Matty,Cash,Cash,7,Defender,4.5,20260823T0423Z,mirror
22,a,,,5.5,196,121,0,0,0,0,0.0,562,237,0,0,0.0,517,211,0,0,0.0,517,211,0.0,0.0,0,14,14,79,79,2.0,2.0,0.0,0.0,0.0,0.0,0.0,0.0,0.0,0.0,0.0,465,177,0.0,465,177,0.0,465,177,0.0,465,177,,,,1,,Ethan,Nwaneri,Nwaneri,,,0,0,0,0,0,0,0,0,0,0,0,0,0,,,,0,0.0,0.0,0.0,0.0,0,0,0,499175,22,Ethan,Nwaneri,Nwaneri,3,Midfielder,5.5,20260823T0423Z,mirror
23,a,,,5.5,161,100,0,0,0,0,0.0,576,244,0,0,0.0,498,201,0,0,0.0,498,201,0.0,0.0,0,25,25,55,55,2.0,2.0,0.0,0.0,0.0,0.0,0.0,0.0,0.0,0.0,0.0,430,156,0.0,430,156,0.0,430,156,0.0,430,156,,,,1,,Fábio,Ferreira Vieira,Fábio Vieira,,,0,0,0,0,0,0,0,0,0,0,0,0,0,,,,0,0.0,0.0,0.0,0.0,0,0,0,438098,23,Fábio,Ferreira Vieira,Fábio Vieira,3,Midfielder,5.5,20260823T0423Z,mirror
14,a,,,6.5,41,28,0,0,0,0,2.0,121,37,1,1,1.0,177,82,0,4,1.0,177,82,0.2,0.2,0,1044,1044,9548,9548,2.3,2.3,0.04,0.0,0.04,0.15,0.26,0.0,0.26,0.96,0.0,560,236,0.0,560,236,0.0,560,236,0.0,560,236,,3.0,,1,,Eberechi,Eze,Eze,,,14,0,0,0,0,0,0,0,0,0,0,0,2,,,,0,0.0,0.0,0.0,12.86,0,0,2,232413,14,Eberechi,Eze,Eze,3,Midfielder,6.5,20260823T0423Z,mirror
15,a,,,6.5,35,23,0,0,0,0,8.8,47,17,11,11,11.0,7,3,3,41,11.0,7,3,1.7,1.7,0,45604,45604,3313,3313,2.3,2.3,0.21,0.1,0.31,0.06,0.25,0.12,0.37,0.07,0.0,554,231,0.0,554,231,0.0,554,231,0.0,554,231,4.0,,3.0,1,,Martin,Ødegaard,Ødegaard,,,75,1,0,1,0,0,0,0,0,0,0,1,8,,,,0,1.2,0.0,1.2,9.6,3,1,4,184029,15,Martin,Ødegaard,Ødegaard,3,Midfielder,6.5,20260823T0423Z,mirror
20,a,,,5.5,221,138,0,0,0,0,0.1,427,168,0,0,0.0,531,221,0,0,0.0,531,221,0.0,0.0,0,108,108,586,586,2.0,2.0,0.0,0.0,0.0,0.0,0.0,0.0,0.0,0.0,0.0,490,194,0.0,490,194,0.0,490,194,0.0,490,194,,,,1,,Max,Dowman,Dowman,,,0,0,0,0,0,0,0,0,0,0,0,0,0,,,,0,0.0,0.0,0.0,0.0,0,0,0,616077,20,Max,Dowman,Dowman,3,Midfielder,5.5,20260823T0423Z,mirror
25,a,,,7.5,15,6,0,0,0,0,8.7,48,8,0,0,0.0,591,66,0,0,0.0,591,66,0.0,0.0,0,1285,1285,45197,45197,2.4,2.4,0.0,0.0,0.0,0.0,0.0,0.0,0.0,0.0,0.0,585,66,0.0,585,66,0.0,585,66,0.0,585,66,,,2.0,1,,Viktor,Gyökeres,Gyökeres,,,0,0,0,0,0,0,0,0,0,0,0,0,0,,,,0,0.0,0.0,0.0,0.0,0,0,0,224117,25,Viktor,Gyökeres,Gyökeres,3,Forward,7.5,20260823T0423Z,mirror
26,a,,,7.5,14,5,0,0,0,0,5.8,61,10,6,6,6.0,41,3,0,34,6.0,41,3,0.8,0.8,0,31437,31437,3325,3325,2.4,2.4,0.26,0.03,0.29,0.2,0.26,0.03,0.29,0.2,0.0,584,65,0.0,584,65,0.0,584,65,0.0,584,65,,,,1,,Kai,Havertz,Havertz,,,90,1,0,1,0,0,0,0,0,0,0,1,2,,,,0,1.0,0.0,1.0,2.0,0,2,0,219847,26,Kai,Havertz,Havertz,3,Forward,7.5,20260823T0423Z,mirror
30,u,0.0,0.0,4.5,405,82,0,0,0,0,0.1,397,142,0,0,0.0,239,96,0,0,0.0,239,96,0.0,0.0,0,0,0,1608,1608,0.0,0.0,0.0,0.0,0.0,0.0,0.0,0.0,0.0,0.0,0.0,79,55,0.0,79,55,0.0,79,55,0.0,79,55,,,,1,,Lucas,Digne,Digne,Has joined Paris Saint-Germain permanently,,0,0,0,0,0,0,0,0,0,0,0,0,0,,,,0,0.0,0.0,0.0,0.0,0,0,0,101188,30,Lucas,Digne,Digne,7,Defender,4.5,20260823T0423Z,mirror
38,a,,,4.0,598,193,0,0,0,0,1.8,131,52,0,0,0.0,227,88,0,0,0.0,227,88,0.0,0.0,0,1956,1956,1232,1232,1.0,1.0,0.0,0.0,0.0,0.0,0.0,0.0,0.0,0.0,0.0,65,45,0.0,65,45,0.0,65,45,0.0,65,45,,,,1,,Andrés,García,A.García,,,0,0,0,0,0,0,0,0,0,0,0,0,0,,,,0,0.0,0.0,0.0,0.0,0,0,0,606798,38,Andrés,García,A.García,7,Defender,4.0,20260823T0423Z,mirror
27,a,,,6.0,68,17,0,0,0,0,0.4,285,51,0,0,0.0,540,56,0,0,0.0,540,56,0.0,0.0,0,431,431,1712,1712,2.0,2.0,0.0,0.0,0.0,0.0,0.0,0.0,0.0,0.0,0.0,506,49,0.0,506,49,0.0,506,49,0.0,506,49,,,,1,,Gabriel,Fernando de Jesus,G.Jesus,,,0,0,0,0,0,0,0,0,0,0,0,0,0,,,,0,0.0,0.0,0.0,0.0,0,0,0,205651,27,Gabriel,Fernando de Jesus,G.Jesus,3,Forward,6.0,20260823T0423Z,mirror
452,d,75.0,75.0,7.0,24,15,0,0,0,0,3.9,81,27,0,0,0.0,585,255,0,0,0.0,585,255,0.0,0.0,0,230,230,26614,26614,1.8,1.8,0.0,0.0,0.0,0.0,0.0,0.0,0.0,0.0,0.0,576,249,0.0,576,249,0.0,576,249,0.0,576,249,5.0,,4.0,1,,Bruno,Guimarães Rodriguez Moura,Bruno G.,Thigh injury - 75% chance of playing,,0,0,0,0,0,0,0,0,0,0,0,0,0,,,,0,0.0,0.0,0.0,0.0,0,0,0,208706,452,Bruno,Guimarães Rodriguez Moura,Bruno G.,3,Midfielder,7.0,20260823T0423Z,mirror
31,a,,,4.5,431,97,0,0,0,0,12.8,31,11,0,0,0.0,260,107,0,0,0.0,260,107,0.0,0.0,0,11152,11152,46132,46132,1.7,1.7,0.0,0.0,0.0,0.0,0.0,0.0,0.0,0.0,0.0,105,70,0.0,105,70,0.0,105,70,0.0,105,70,,,,1,,Ezri,Konsa Ngoyo,Konsa,,,0,0,0,0,0,0,0,0,0,0,0,0,0,,,,0,0.0,0.0,0.0,0.0,0,0,0,199798,31,Ezri,Konsa Ngoyo,Konsa,3,Defender,4.5,20260823T0423Z,mirror
16,a,,,6.5,43,30,0,0,0,0,0.3,288,95,1,1,1.0,178,83,0,8,1.0,178,83,0.2,0.2,0,228,228,1606,1606,2.3,2.3,0.0,0.04,0.04,0.15,0.0,0.16,0.16,0.61,0.0,562,238,0.0,562,238,0.0,562,238,0.0,562,238,6.0,,,1,,Noni,Madueke,Madueke,,,22,0,0,0,0,0,0,0,0,0,0,0,2,,,,0,0.0,0.0,0.0,8.18,0,0,2,248857,16,Noni,Madueke,Madueke,3,Midfielder,6.5,20260823T0423Z,mirror
17,a,,,6.0,64,42,0,0,0,0,0.7,226,74,1,1,1.0,169,75,0,5,1.0,169,75,0.2,0.2,0,624,624,3141,3141,2.1,2.1,0.14,0.02,0.16,0.15,0.9,0.13,1.03,0.96,0.0,502,197,0.0,502,197,0.0,502,197,0.0,502,197,,,,1,,Mikel,Merino Zazón,Merino,,,14,0,0,0,0,0,0,0,0,0,0,0,2,,,,0,0.0,0.0,0.0,12.86,0,0,2,195384,17,Mikel,Merino Zazón,Merino,3,Midfielder,6.0,20260823T0423Z,mirror
37,a,,,4.5,427,93,0,0,0,0,0.3,294,108,0,0,0.0,257,104,0,0,0.0,257,104,0.0,0.0,0,785,785,204,204,1.7,1.7,0.0,0.0,0.0,0.0,0.0,0.0,0.0,0.0,0.0,101,66,0.0,101,66,0.0,101,66,0.0,101,66,,,,1,,Victor,Lindelöf,Lindelöf,,,0,0,0,0,0,0,0,0,0,0,0,0,0,,,,0,0.0,0.0,0.0,0.0,0,0,0,184667,37,Victor,Lindelöf,Lindelöf,7,Defender,4.5,20260823T0423Z,mirror
24,a,,,5.5,132,82,0,0,0,0,0.0,577,245,0,0,0.0,483,192,0,0,0.0,483,192,0.0,0.0,0,17,17,35,35,2.0,2.0,0.0,0.0,0.0,0.0,0.0,0.0,0.0,0.0,0.0,401,138,0.0,401,138,0.0,401,138,0.0,401,138,,,,1,,Reiss,Nelson,Nelson,,,0,0,0,0,0,0,0,0,0,0,0,0,0,,,,0,0.0,0.0,0.0,0.0,0,0,0,200641,24,Reiss,Nelson,Nelson,3,Midfielder,5.5,20260823T0423Z,mirror
33,a,,,4.5,417,86,0,0,0,0,0.4,275,102,0,0,0.0,248,98,0,0,0.0,248,98,0.0,0.0,0,1456,1456,257,257,1.7,1.7,0.0,0.0,0.0,0.0,0.0,0.0,0.0,0.0,0.0,91,59,0.0,91,59,0.0,91,59,0.0,91,59,,,,1,,Tyrone,Mings,Mings,,,0,0,0,0,0,0,0,0,0,0,0,0,0,,,,0,0.0,0.0,0.0,0.0,0,0,0,149484,33,Tyrone,Mings,Mings,7,Defender,4.5,20260823T0423Z,mirror
557,a,,,6.5,44,31,0,0,0,0,25.3,11,5,6,6,6.0,40,14,0,30,6.0,40,14,0.9,0.9,0,47344,47344,4327,4327,2.3,2.3,0.19,0.14,0.33,0.06,0.23,0.17,0.4,0.07,0.0,563,239,0.0,563,239,0.0,563,239,0.0,563,239,3.0,,,1,,Christos,Tzolis,Tzolis,,,75,0,1,1,0,0,0,0,0,0,0,1,6,,,,0,1.2,0.0,1.2,7.2,1,2,3,439509,557,Christos,Tzolis,Tzolis,3,Midfielder,6.5,20260823T0423Z,mirror
28,a,,,5.0,232,7,0,0,0,0,4.5,71,10,0,0,0.0,345,56,0,0,0.0,345,56,0.0,0.0,0,2629,2629,3366,3366,2.6,2.6,0.0,0.0,0.0,0.0,0.0,0.0,0.0,0.0,0.0,215,49,0.0,215,49,0.0,215,49,0.0,215,49,,,,1,,Emiliano,Martínez Romero,Martinez,,,0,0,0,0,0,0,0,0,0,0,0,0,0,,,,0,0.0,0.0,0.0,0.0,0,0,0,98980,28,Emiliano,Martínez Romero,Martinez,7,Goalkeeper,5.0,20260823T0423Z,mirror
29,a,,,4.5,400,23,0,0,0,0,0.1,410,45,0,0,0.0,235,34,0,0,0.0,235,34,0.0,0.0,0,94,94,61,61,1.9,1.9,0.0,0.0,0.0,0.0,0.0,0.0,0.0,0.0,0.0,74,22,0.0,74,22,0.0,74,22,0.0,74,22,,,,1,,Marco,Bizot,M.Bizot,,,0,0,0,0,0,0,0,0,0,0,0,0,0,,,,0,0.0,0.0,0.0,0.0,0,0,0,72147,29,Marco,Bizot,M.Bizot,7,Goalkeeper,4.5,20260823T0423Z,mirror
34,a,,,4.5,457,117,0,0,0,0,0.5,261,98,0,0,0.0,277,120,0,0,0.0,277,120,0.0,0.0,0,1002,1002,285,285,1.7,1.7,0.0,0.0,0.0,0.0,0.0,0.0,0.0,0.0,0.0,131,90,0.0,131,90,0.0,131,90,0.0,131,90,,,,1,,Pau,Torres,Pau,,,0,0,0,0,0,0,0,0,0,0,0,0,0,,,,0,0.0,0.0,0.0,0.0,0,0,0,244954,34,Pau,Torres,Pau,7,Defender,4.5,20260823T0423Z,mirror
35,a,,,5.0,356,207,0,0,0,0,0.1,453,183,0,0,0.0,441,164,0,0,0.0,441,164,0.0,0.0,0,247,247,101,101,1.5,1.5,0.0,0.0,0.0,0.0,0.0,0.0,0.0,0.0,0.0,339,97,0.0,339,97,0.0,339,97,0.0,339,97,,,,1,,Lamare,Bogarde,Bogarde,,,0,0,0,0,0,0,0,0,0,0,0,0,0,,,,0,0.0,0.0,0.0,0.0,0,0,0,515597,35,Lamare,Bogarde,Bogarde,7,Midfielder,5.0,20260823T0423Z,mirror
36,a,,,4.5,463,122,0,0,0,0,0.8,208,78,0,0,0.0,282,124,0,0,0.0,282,124,0.0,0.0,0,1127,1127,399,399,1.7,1.7,0.0,0.0,0.0,0.0,0.0,0.0,0.0,0.0,0.0,137,95,0.0,137,95,0.0,137,95,0.0,137,95,,,,1,,Ian,Maatsen,Maatsen,,,0,0,0,0,0,0,0,0,0,0,0,0,0,,,,0,0.0,0.0,0.0,0.0,0,0,0,441302,36,Ian,Maatsen,Maatsen,7,Defender,4.5,20260823T0423Z,mirror
6,i,0.0,0.0,6.0,88,9,0,0,0,0,0.3,297,110,0,0,0.0,551,195,0,0,0.0,551,195,0.0,0.0,0,231,231,1806,1806,0.0,0.0,0.0,0.0,0.0,0.0,0.0,0.0,0.0,0.0,0.0,526,194,0.0,526,194,0.0,526,194,0.0,526,194,,,,1,,William,Saliba,Saliba,Back injury - Unknown return date,,0,0,0,0,0,0,0,0,0,0,0,0,0,,,,0,0.0,0.0,0.0,0.0,0,0,0,462424,6,William,Saliba,Saliba,3,Defender,6.0,20260823T0423Z,mirror
7,a,,,5.5,195,120,0,0,0,0,0.7,222,71,3,3,3.0,64,29,0,15,3.0,64,29,0.5,0.5,0,2780,2780,1302,1302,2.0,2.0,0.06,0.11,0.17,0.2,0.06,0.11,0.17,0.2,0.0,464,176,0.0,464,176,0.0,464,176,0.0,464,176,,,,1,,Myles,Lewis-Skelly,Lewis-Skelly,,,90,0,0,1,0,0,0,0,0,0,0,1,7,,,,0,1.0,0.0,1.0,7.0,1,1,5,499169,7,Myles,Lewis-Skelly,Lewis-Skelly,3,Midfielder,5.5,20260823T0423Z,mirror
8,a,,,5.5,179,25,0,0,0,0,40.0,5,1,9,9,9.0,16,7,0,31,9.0,16,7,1.6,1.6,0,67275,67275,4479,4479,2.5,2.5,0.04,0.09,0.13,0.06,0.04,0.1,0.14,0.07,0.0,448,180,0.0,448,180,0.0,448,180,0.0,448,180,,,,1,,Riccardo,Calafiori,Calafiori,,,80,0,1,1,0,0,0,0,0,0,0,1,5,,,,0,1.12,0.0,1.12,5.62,1,4,1,466075,8,Riccardo,Calafiori,Calafiori,3,Defender,5.5,20260823T0423Z,mirror
9,a,,,5.5,169,22,0,0,0,0,1.8,133,53,1,1,1.0,156,61,0,3,1.0,156,61,0.2,0.2,0,950,950,10308,10308,2.5,2.5,0.0,0.0,0.0,0.15,0.0,0.0,0.0,1.5,0.0,438,177,0.0,438,177,0.0,438,177,0.0,438,177,,,,1,,Piero,Hincapié,Hincapie,,,9,0,0,0,0,0,0,0,0,0,0,0,0,,,,0,0.0,0.0,0.0,0.0,0,0,0,448104,9,Piero,Hincapié,Hincapie,3,Defender,5.5,20260823T0423Z,mirror
10,a,100.0,100.0,5.5,130,13,0,0,0,0,4.8,68,28,11,11,11.0,6,4,2,37,11.0,6,4,2.0,2.0,0,19265,19265,1991,1991,2.5,2.5,0.18,0.21,0.39,0.2,0.18,0.21,0.39,0.2,0.0,399,168,0.0,399,168,0.0,399,168,0.0,399,168,,,,1,,Benjamin,White,White,,,90,0,1,1,0,0,0,0,0,0,0,1,5,,,,0,1.0,0.0,1.0,5.0,1,4,3,198869,10,Benjamin,White,White,3,Defender,5.5,20260823T0423Z,mirror
11,a,,,5.5,197,29,0,0,0,0,6.2,60,24,6,6,6.0,37,18,0,27,6.0,37,18,1.1,1.1,0,4118,4118,6389,6389,2.5,2.5,0.0,0.0,0.0,0.2,0.0,0.0,0.0,0.2,0.0,466,184,0.0,466,184,0.0,466,184,0.0,466,184,,,,1,,Cristhian,Mosquera,Mosquera,,,90,0,0,1,0,0,0,0,0,0,0,1,6,,,,0,1.0,0.0,1.0,6.0,0,6,3,500040,11,Cristhian,Mosquera,Mosquera,3,Defender,5.5,20260823T0423Z,mirror
12,a,,,9.5,3,2,0,0,0,0,9.7,44,16,9,9,9.0,19,9,1,36,9.0,19,9,0.9,0.9,0,12071,12071,2520,2520,3.2,3.2,0.64,0.08,0.72,0.06,0.86,0.11,0.97,0.08,0.0,601,264,0.0,601,264,0.0,601,264,0.0,601,264,2.0,2.0,1.0,1,,Bukayo,Saka,Saka,,,67,1,0,1,0,0,0,0,0,0,0,1,7,,,,0,1.34,0.0,1.34,9.4,1,2,4,223340,12,Bukayo,Saka,Saka,3,Midfielder,9.5,20260823T0423Z,mirror
13,a,,,7.5,13,8,0,0,0,0,18.0,21,7,3,3,3.0,70,34,0,10,3.0,70,34,0.4,0.4,0,7368,7368,23949,23949,2.6,2.6,0.07,0.08,0.15,0.06,0.09,0.11,0.2,0.08,0.0,583,254,0.0,583,254,0.0,583,254,0.0,583,254,1.0,1.0,,1,,Declan,Rice,Rice,,,67,0,0,1,0,0,0,0,0,0,0,1,6,,,,0,1.34,0.0,1.34,8.06,0,3,3,204480,13,Declan,Rice,Rice,3,Midfielder,7.5,20260823T0423Z,mirror
18,a,,,6.5,45,32,0,0,0,0,0.2,329,116,0,0,0.0,575,248,0,0,0.0,575,248,0.0,0.0,0,263,263,1670,1670,2.3,2.3,0.0,0.0,0.0,0.0,0.0,0.0,0.0,0.0,0.0,564,240,0.0,564,240,0.0,564,240,0.0,564,240,,,,1,,Gabriel,Martinelli Silva,Martinelli,,,0,0,0,0,0,0,0,0,0,0,0,0,0,,,,0,0.0,0.0,0.0,0.0,0,0,0,444145,18,Gabriel,Martinelli Silva,Martinelli,3,Midfielder,6.5,20260823T0423Z,mirror
19,a,,,5.5,187,114,0,0,0,0,1.2,179,58,1,1,1.0,158,68,0,3,1.0,158,68,0.2,0.2,0,317,317,3774,3774,2.0,2.0,0.0,0.02,0.02,0.15,0.0,0.08,0.08,0.61,0.0,456,170,0.0,456,170,0.0,456,170,0.0,456,170,,,,1,,Martín,Zubimendi Ibáñez,Zubimendi,,,22,0,0,0,0,0,0,0,0,0,0,0,3,,,,0,0.0,0.0,0.0,12.27,1,0,2,481655,19,Martín,Zubimendi Ibáñez,Zubimendi,3,Midfielder,5.5,20260823T0423Z,mirror
1,a,,,6.0,60,1,0,0,0,0,37.7,7,1,6,6,6.0,39,5,0,24,6.0,39,5,1.0,1.0,0,11139,11139,8474,8474,4.0,4.0,0.0,0.0,0.0,0.2,0.0,0.0,0.0,0.2,0.0,498,67,0.0,498,67,0.0,498,67,0.0,498,67,,,,1,,David,Raya Martín,Raya,,,90,0,0,1,0,0,0,0,0,0,1,1,0,,,,1,1.0,0.0,1.0,0.0,0,1,8,154561,1,David,Raya Martín,Raya,3,Goalkeeper,6.0,20260823T0423Z,mirror
2,a,,,5.0,235,9,0,0,0,0,0.1,442,49,0,0,0.0,348,58,0,0,0.0,348,58,0.0,0.0,0,70,70,305,305,2.6,2.6,0.0,0.0,0.0,0.0,0.0,0.0,0.0,0.0,0.0,218,51,0.0,218,51,0.0,218,51,0.0,218,51,,,,1,,Kepa,Arrizabalaga Revuelta,Arrizabalaga,,,0,0,0,0,0,0,0,0,0,0,0,0,0,,,,0,0.0,0.0,0.0,0.0,0,0,0,109745,2,Kepa,Arrizabalaga Revuelta,Arrizabalaga,3,Goalkeeper,5.0,20260823T0423Z,mirror
3,a,,,5.0,300,16,0,0,0,0,0.0,512,59,0,0,0.0,394,62,0,0,0.0,394,62,0.0,0.0,0,20,20,104,104,2.6,2.6,0.0,0.0,0.0,0.0,0.0,0.0,0.0,0.0,0.0,283,58,0.0,283,58,0.0,283,58,0.0,283,58,,,,1,,Illan,Meslier,Meslier,,,0,0,0,0,0,0,0,0,0,0,0,0,0,,,,0,0.0,0.0,0.0,0.0,0,0,0,437495,3,Illan,Meslier,Meslier,3,Goalkeeper,5.0,20260823T0423Z,mirror
4,a,,,8.0,9,1,0,0,0,0,29.6,9,2,5,5,5.0,48,21,0,21,5.0,48,21,0.6,0.6,0,7223,7223,16754,16754,4.0,4.0,0.05,0.01,0.06,0.2,0.05,0.01,0.06,0.2,0.0,595,199,0.0,595,199,0.0,595,199,0.0,595,199,,,,1,,Gabriel,dos Santos Magalhães,Gabriel,,,90,0,0,1,0,0,0,0,1,0,0,1,4,,,,0,1.0,0.0,1.0,4.0,0,4,2,226597,4,Gabriel,dos Santos Magalhães,Gabriel,3,Defender,8.0,20260823T0423Z,mirror
5,i,0.0,0.0,6.5,47,3,0,0,0,0,0.1,407,145,0,0,0.0,577,198,0,0,0.0,577,198,0.0,0.0,0,91,91,774,774,0.0,0.0,0.0,0.0,0.0,0.0,0.0,0.0,0.0,0.0,0.0,566,197,0.0,566,197,0.0,566,197,0.0,566,197,,,,1,,Jurriën,Timber,J.Timber,Groin injury - Unknown return date,,0,0,0,0,0,0,0,0,0,0,0,0,0,,,,0,0.0,0.0,0.0,0.0,0,0,0,445122,5,Jurriën,Timber,J.Timber,3,Defender,6.5,20260823T0423Z,mirror
39,u,0.0,0.0,4.0,595,191,0,0,0,0,0.3,298,111,0,0,0.0,225,87,0,0,0.0,225,87,0.0,0.0,0,0,0,1812,1812,0.0,0.0,0.0,0.0,0.0,0.0,0.0,0.0,0.0,0.0,0.0,62,43,0.0,62,43,0.0,62,43,0.0,62,43,,,,1,,Kosta,Nedeljkovic,Nedeljkovic,Has joined Rangers on loan for the rest of the season,,0,0,0,0,0,0,0,0,0,0,0,0,0,,,,0,0.0,0.0,0.0,0.0,0,0,0,578545,39,Kosta,Nedeljkovic,Nedeljkovic,7,Defender,4.0,20260823T0423Z,mirror
41,a,,,6.0,65,43,0,0,0,0,1.4,166,51,0,0,0.0,537,223,0,0,0.0,537,223,0.0,0.0,0,1376,1376,1050,1050,2.1,2.1,0.0,0.0,0.0,0.0,0.0,0.0,0.0,0.0,0.0,503,198,0.0,503,198,0.0,503,198,0.0,503,198,,1.0,1.0,1,,Emiliano,Buendía Stati,Buendía,,,0,0,0,0,0,0,0,0,0,0,0,0,0,,,,0,0.0,0.0,0.0,0.0,0,0,0,195546,41,Emiliano,Buendía Stati,Buendía,7,Midfielder,6.0,20260823T0423Z,mirror
44,a,,,5.5,141,87,0,0,0,0,0.2,375,140,0,0,0.0,488,195,0,0,0.0,488,195,0.0,0.0,0,301,301,205,205,2.0,2.0,0.0,0.0,0.0,0.0,0.0,0.0,0.0,0.0,0.0,410,143,0.0,410,143,0.0,410,143,0.0,410,143,,,,1,,Leon,Bailey,Bailey,,,0,0,0,0,0,0,0,0,0,0,0,0,0,,,,0,0.0,0.0,0.0,0.0,0,0,0,215711,44,Leon,Bailey,Bailey,7,Midfielder,5.5,20260823T0423Z,mirror
46,a,,,5.0,229,141,0,0,0,0,0.2,323,113,0,0,0.0,343,112,0,0,0.0,343,112,0.0,0.0,0,479,479,246,246,1.5,1.5,0.0,0.0,0.0,0.0,0.0,0.0,0.0,0.0,0.0,212,31,0.0,212,31,0.0,212,31,0.0,212,31,,,,1,,Ross,Barkley,Barkley,,,0,0,0,0,0,0,0,0,0,0,0,0,0,,,,0,0.0,0.0,0.0,0.0,0,0,0,88894,46,Ross,Barkley,Barkley,7,Midfielder,5.0,20260823T0423Z,mirror
47,a,100.0,100.0,5.0,281,167,0,0,0,0,0.4,279,92,0,0,0.0,380,131,0,0,0.0,380,131,0.0,0.0,0,768,768,461,461,1.5,1.5,0.0,0.0,0.0,0.0,0.0,0.0,0.0,0.0,0.0,264,57,0.0,264,57,0.0,264,57,0.0,264,57,,,,1,,Boubacar,Kamara,Kamara,,,0,0,0,0,0,0,0,0,0,0,0,0,0,,,,0,0.0,0.0,0.0,0.0,0,0,0,226944,47,Boubacar,Kamara,Kamara,7,Midfielder,5.0,20260823T0423Z,mirror
48,i,0.0,0.0,5.0,308,181,0,0,0,0,0.0,531,219,0,0,0.0,402,144,0,0,0.0,402,144,0.0,0.0,0,47,47,113,113,0.0,0.0,0.0,0.0,0.0,0.0,0.0,0.0,0.0,0.0,0.0,291,71,0.0,291,71,0.0,291,71,0.0,291,71,,,,1,,Amadou,Onana,Onana,Knee injury - Unknown return date,,0,0,0,0,0,0,0,0,0,0,0,0,0,,,,0,0.0,0.0,0.0,0.0,0,0,0,449871,48,Amadou,Onana,Onana,7,Midfielder,5.0,20260823T0423Z,mirror
50,a,,,4.5,531,264,0,0,0,0,0.7,223,72,0,0,0.0,337,107,0,0,0.0,337,107,0.0,0.0,0,962,962,621,621,1.0,1.0,0.0,0.0,0.0,0.0,0.0,0.0,0.0,0.0,0.0,205,26,0.0,205,26,0.0,205,26,0.0,205,26,,,,1,,Bradley,Burrowes,Burrowes,,,0,0,0,0,0,0,0,0,0,0,0,0,0,,,,0,0.0,0.0,0.0,0.0,0,0,0,645618,50,Bradley,Burrowes,Burrowes,7,Midfielder,4.5,20260823T0423Z,mirror
51,a,,,4.5,516,258,0,0,0,0,0.7,227,75,0,0,0.0,324,101,0,0,0.0,324,101,0.0,0.0,0,529,529,406,406,1.0,1.0,0.0,0.0,0.0,0.0,0.0,0.0,0.0,0.0,0.0,190,20,0.0,190,20,0.0,190,20,0.0,190,20,,,,1,,George,Hemmings,George Hemmings,,,0,0,0,0,0,0,0,0,0,0,0,0,0,,,,0,0.0,0.0,0.0,0.0,0,0,0,577285,51,George,Hemmings,George Hemmings,7,Midfielder,4.5,20260823T0423Z,mirror
52,a,,,5.0,393,235,0,0,0,0,0.0,487,202,0,0,0.0,466,183,0,0,0.0,466,183,0.0,0.0,0,131,131,71,71,1.5,1.5,0.0,0.0,0.0,0.0,0.0,0.0,0.0,0.0,0.0,376,125,0.0,376,125,0.0,376,125,0.0,376,125,,,,1,,Alysson Edward Franco,da Rocha dos Santos,Alysson,,,0,0,0,0,0,0,0,0,0,0,0,0,0,,,,0,0.0,0.0,0.0,0.0,0,0,0,653481,52,Alysson Edward Franco,da Rocha dos Santos,Alysson,7,Midfielder,5.0,20260823T0423Z,mirror
53,i,0.0,0.0,6.0,111,72,0,0,0,0,0.3,310,108,0,0,0.0,568,242,0,0,0.0,568,242,0.0,0.0,0,80,80,2073,2073,0.0,0.0,0.0,0.0,0.0,0.0,0.0,0.0,0.0,0.0,0.0,549,227,0.0,549,227,0.0,549,227,0.0,549,227,,,,1,,Johan,Manzambi,Manzambi,Knee injury - Unknown return date,,0,0,0,0,0,0,0,0,0,0,0,0,0,,,,0,0.0,0.0,0.0,0.0,0,0,0,614071,53,Johan,Manzambi,Manzambi,7,Midfielder,6.0,20260823T0423Z,mirror
45,a,,,5.5,118,76,0,0,0,0,3.3,98,33,0,0,0.0,473,188,0,0,0.0,473,188,0.0,0.0,0,2201,2201,2216,2216,2.0,2.0,0.0,0.0,0.0,0.0,0.0,0.0,0.0,0.0,0.0,387,132,0.0,387,132,0.0,387,132,0.0,387,132,2.0,,,1,,John,McGinn,McGinn,,,0,0,0,0,0,0,0,0,0,0,0,0,0,,,,0,0.0,0.0,0.0,0.0,0,0,0,122806,45,John,McGinn,McGinn,7,Midfielder,5.5,20260823T0423Z,mirror
49,u,0.0,0.0,5.0,320,186,0,0,0,0,0.0,593,258,0,0,0.0,412,149,0,0,0.0,412,149,0.0,0.0,0,0,0,46,46,0.0,0.0,0.0,0.0,0.0,0.0,0.0,0.0,0.0,0.0,0.0,303,76,0.0,303,76,0.0,303,76,0.0,303,76,,,,1,,Samuel,Iling-Junior,Iling Jr,Has joined Bolton Wanderers on loan for the rest of the season,,0,0,0,0,0,0,0,0,0,0,0,0,0,,,,0,0.0,0.0,0.0,0.0,0,0,0,469247,49,Samuel,Iling-Junior,Iling Jr,7,Midfielder,5.0,20260823T0423Z,mirror
54,i,0.0,0.0,5.5,168,105,0,0,0,0,0.1,460,189,0,0,0.0,502,203,0,0,0.0,502,203,0.0,0.0,0,16,16,374,374,0.0,0.0,0.0,0.0,0.0,0.0,0.0,0.0,0.0,0.0,0.0,437,161,0.0,437,161,0.0,437,161,0.0,437,161,,,,1,,Joao,Gomes,Gomes,Calf injury - Unknown return date,,0,0,0,0,0,0,0,0,0,0,0,0,0,,,,0,0.0,0.0,0.0,0.0,0,0,0,448089,54,Joao,Gomes,Gomes,7,Midfielder,5.5,20260823T0423Z,mirror
55,a,,,8.0,7,3,0,0,0,0,10.4,38,7,0,0,0.0,599,69,0,0,0.0,599,69,0.0,0.0,0,3337,3337,7856,7856,2.5,2.5,0.0,0.0,0.0,0.0,0.0,0.0,0.0,0.0,0.0,593,69,0.0,593,69,0.0,593,69,0.0,593,69,,,2.0,1,,Ollie,Watkins,Watkins,,,0,0,0,0,0,0,0,0,0,0,0,0,0,,,,0,0.0,0.0,0.0,0.0,0,0,0,178301,55,Ollie,Watkins,Watkins,7,Forward,8.0,20260823T0423Z,mirror
56,d,75.0,75.0,5.5,123,32,0,0,0,0,0.1,396,60,0,0,0.0,477,45,0,0,0.0,477,45,0.0,0.0,0,148,148,336,336,1.3,1.3,0.0,0.0,0.0,0.0,0.0,0.0,0.0,0.0,0.0,392,28,0.0,392,28,0.0,392,28,0.0,392,28,,,,1,,Tammy,Abraham,Abraham,Knock - 75% chance of playing,,0,0,0,0,0,0,0,0,0,0,0,0,0,,,,0,0.0,0.0,0.0,0.0,0,0,0,173879,56,Tammy,Abraham,Abraham,7,Forward,5.5,20260823T0423Z,mirror
160,a,,,6.0,95,60,0,0,0,0,0.6,236,77,0,0,0.0,555,233,0,0,0.0,555,233,0.0,0.0,0,703,703,680,680,2.1,2.1,0.0,0.0,0.0,0.0,0.0,0.0,0.0,0.0,0.0,533,215,0.0,533,215,0.0,533,215,0.0,533,215,,,,1,,Alejandro,Garnacho Ferreyra,Garnacho,,,0,0,0,0,0,0,0,0,0,0,0,0,0,,,,0,0.0,0.0,0.0,0.0,0,0,0,493105,160,Alejandro,Garnacho Ferreyra,Garnacho,7,Midfielder,6.0,20260823T0423Z,mirror
582,i,0.0,0.0,5.5,224,48,0,0,0,0,0.5,250,43,0,0,0.0,534,54,0,0,0.0,534,54,0.0,0.0,0,317,317,1114,1114,0.0,0.0,0.0,0.0,0.0,0.0,0.0,0.0,0.0,0.0,0.0,493,44,0.0,493,44,0.0,493,44,0.0,493,44,,,,1,,Brian,Madjo,Madjo,Unspecified injury - Unknown return date,,0,0,0,0,0,0,0,0,0,0,0,0,0,,,,0,0.0,0.0,0.0,0.0,0,0,0,690838,582,Brian,Madjo,Madjo,7,Forward,5.5,20260823T0423Z,mirror
596,a,,,4.5,480,131,0,0,0,0,0.1,420,150,0,0,0.0,291,129,0,0,0.0,291,129,0.0,0.0,0,361,361,97,97,1.7,1.7,0.0,0.0,0.0,0.0,0.0,0.0,0.0,0.0,0.0,154,104,0.0,154,104,0.0,154,104,0.0,154,104,,,,1,,Matteo,Ruggeri,Ruggeri,,,0,0,0,0,0,0,0,0,0,0,0,0,0,,,,0,0.0,0.0,0.0,0.0,0,0,0,487992,596,Matteo,Ruggeri,Ruggeri,7,Defender,4.5,20260823T0423Z,mirror
597,a,,,5.0,298,15,0,0,0,0,0.8,209,29,0,0,0.0,393,61,0,0,0.0,393,61,0.0,0.0,0,1111,1111,447,447,2.6,2.6,0.0,0.0,0.0,0.0,0.0,0.0,0.0,0.0,0.0,281,57,0.0,281,57,0.0,281,57,0.0,281,57,,,,1,,Zion,Suzuki,Suzuki,,,0,0,0,0,0,0,0,0,0,0,0,0,0,,,,0,0.0,0.0,0.0,0.0,0,0,0,433969,597,Zion,Suzuki,Suzuki,7,Goalkeeper,5.0,20260823T0423Z,mirror
57,a,,,4.5,466,38,0,0,0,0,3.2,100,15,0,0,0.0,285,48,0,0,0.0,285,48,0.0,0.0,0,1384,1384,1088,1088,1.9,1.9,0.0,0.0,0.0,0.0,0.0,0.0,0.0,0.0,0.0,140,37,0.0,140,37,0.0,140,37,0.0,140,37,,,,1,,Đorđe,Petrović,Petrović,,,0,0,0,0,0,0,0,0,0,0,0,0,0,,,,0,0.0,0.0,0.0,0.0,0,0,0,457569,57,Đorđe,Petrović,Petrović,91,Goalkeeper,4.5,20260823T0423Z,mirror
58,a,,,4.0,535,49,0,0,0,0,3.2,99,14,0,0,0.0,182,14,0,0,0.0,182,14,0.0,0.0,0,1059,1059,697,697,1.0,1.0,0.0,0.0,0.0,0.0,0.0,0.0,0.0,0.0,0.0,2,2,0.0,2,2,0.0,2,2,0.0,2,2,,,,1,,Fraser,Forster,Forster,,,0,0,0,0,0,0,0,0,0,0,0,0,0,,,,0,0.0,0.0,0.0,0.0,0,0,0,40383,58,Fraser,Forster,Forster,91,Goalkeeper,4.0,20260823T0423Z,mirror
59,a,,,4.0,568,61,0,0,0,0,0.2,354,38,0,0,0.0,204,26,0,0,0.0,204,26,0.0,0.0,0,190,190,71,71,1.0,1.0,0.0,0.0,0.0,0.0,0.0,0.0,0.0,0.0,0.0,35,14,0.0,35,14,0.0,35,14,0.0,35,14,,,,1,,Will,Dennis,Dennis,,,0,0,0,0,0,0,0,0,0,0,0,0,0,,,,0,0.0,0.0,0.0,0.0,0,0,0,444172,59,Will,Dennis,Dennis,91,Goalkeeper,4.0,20260823T0423Z,mirror
60,a,,,5.5,175,24,0,0,0,0,0.9,206,77,0,0,0.0,507,186,0,0,0.0,507,186,0.0,0.0,0,1213,1213,638,638,2.5,2.5,0.0,0.0,0.0,0.0,0.0,0.0,0.0,0.0,0.0,444,179,0.0,444,179,0.0,444,179,0.0,444,179,,,,1,,James,Hill,Hill,,,0,0,0,0,0,0,0,0,0,0,0,0,0,,,,0,0.0,0.0,0.0,0.0,0,0,0,463981,60,James,Hill,Hill,91,Defender,5.5,20260823T0423Z,mirror
61,a,,,5.5,192,28,0,0,0,0,4.4,74,29,0,0,0.0,515,188,0,0,0.0,515,188,0.0,0.0,0,2359,2359,2108,2108,2.5,2.5,0.0,0.0,0.0,0.0,0.0,0.0,0.0,0.0,0.0,461,183,0.0,461,183,0.0,461,183,0.0,461,183,,,,1,,Adrien,Truffert,Truffert,,,0,0,0,0,0,0,0,0,0,0,0,0,0,,,,0,0.0,0.0,0.0,0.0,0,0,0,494521,61,Adrien,Truffert,Truffert,91,Defender,5.5,20260823T0423Z,mirror
62,a,,,5.0,291,52,0,0,0,0,0.2,352,135,0,0,0.0,389,156,0,0,0.0,389,156,0.0,0.0,0,693,693,161,161,2.2,2.2,0.0,0.0,0.0,0.0,0.0,0.0,0.0,0.0,0.0,274,139,0.0,274,139,0.0,274,139,0.0,274,139,,,,1,,Bafodé,Diakité,Diakité,,,0,0,0,0,0,0,0,0,0,0,0,0,0,,,,0,0.0,0.0,0.0,0.0,0,0,0,242882,62,Bafodé,Diakité,Diakité,91,Defender,5.0,20260823T0423Z,mirror
63,i,0.0,0.0,5.0,387,77,0,0,0,0,0.0,566,192,0,0,0.0,461,176,0,0,0.0,461,176,0.0,0.0,0,14,14,55,55,0.0,0.0,0.0,0.0,0.0,0.0,0.0,0.0,0.0,0.0,0.0,370,164,0.0,370,164,0.0,370,164,0.0,370,164,,,,1,,Veljko,Milosavljevic,Milosavljević,Unspecified injury - Unknown return date,,0,0,0,0,0,0,0,0,0,0,0,0,0,,,,0,0.0,0.0,0.0,0.0,0,0,0,620487,63,Veljko,Milosavljevic,Milosavljević,91,Defender,5.0,20260823T0423Z,mirror
64,a,,,4.5,398,79,0,0,0,0,0.1,418,148,0,0,0.0,233,94,0,0,0.0,233,94,0.0,0.0,0,261,261,79,79,1.7,1.7,0.0,0.0,0.0,0.0,0.0,0.0,0.0,0.0,0.0,72,52,0.0,72,52,0.0,72,52,0.0,72,52,,,,1,,Adam,Smith,Smith,,,0,0,0,0,0,0,0,0,0,0,0,0,0,,,,0,0.0,0.0,0.0,0.0,0,0,0,54469,64,Adam,Smith,Smith,91,Defender,4.5,20260823T0423Z,mirror
65,i,0.0,0.0,4.5,461,120,0,0,0,0,0.0,542,187,0,0,0.0,280,122,0,0,0.0,280,122,0.0,0.0,0,25,25,125,125,0.0,0.0,0.0,0.0,0.0,0.0,0.0,0.0,0.0,0.0,0.0,135,93,0.0,135,93,0.0,135,93,0.0,135,93,,,,1,,Julián,Araujo Zúñiga,J.Araujo,Thigh injury - Unknown return date,,0,0,0,0,0,0,0,0,0,0,0,0,0,,,,0,0.0,0.0,0.0,0.0,0,0,0,436893,65,Julián,Araujo Zúñiga,J.Araujo,91,Defender,4.5,20260823T0423Z,mirror
66,d,75.0,75.0,4.0,592,188,0,0,0,0,0.2,339,130,0,0,0.0,222,84,0,0,0.0,222,84,0.0,0.0,0,85,85,359,359,0.8,0.8,0.0,0.0,0.0,0.0,0.0,0.0,0.0,0.0,0.0,59,40,0.0,59,40,0.0,59,40,0.0,59,40,,,,1,,Julio,Soler Barreto,Soler,Hamstring injury - 75% chance of playing,,0,0,0,0,0,0,0,0,0,0,0,0,0,,,,0,0.0,0.0,0.0,0.0,0,0,0,575901,66,Julio,Soler Barreto,Soler,91,Defender,4.0,20260823T0423Z,mirror
67,a,,,6.5,50,35,0,0,0,0,2.8,108,35,0,0,0.0,580,251,0,0,0.0,580,251,0.0,0.0,0,2893,2893,1850,1850,2.3,2.3,0.0,0.0,0.0,0.0,0.0,0.0,0.0,0.0,0.0,569,243,0.0,569,243,0.0,569,243,0.0,569,243,,,,1,,Rayan Vitor,Simplício Rocha,Rayan,,,0,0,0,0,0,0,0,0,0,0,0,0,0,,,,0,0.0,0.0,0.0,0.0,0,0,0,499604,67,Rayan Vitor,Simplício Rocha,Rayan,91,Midfielder,6.5,20260823T0423Z,mirror
68,a,,,6.0,66,44,0,0,0,0,1.5,154,46,0,0,0.0,538,224,0,0,0.0,538,224,0.0,0.0,0,751,751,768,768,2.1,2.1,0.0,0.0,0.0,0.0,0.0,0.0,0.0,0.0,0.0,504,199,0.0,504,199,0.0,504,199,0.0,504,199,1.0,1.0,3.0,1,,Marcus,Tavernier,Tavernier,,,0,0,0,0,0,0,0,0,0,0,0,0,0,,,,0,0.0,0.0,0.0,0.0,0,0,0,201658,68,Marcus,Tavernier,Tavernier,91,Midfielder,6.0,20260823T0423Z,mirror
69,a,,,6.0,98,63,0,0,0,0,1.5,156,47,0,0,0.0,558,236,0,0,0.0,558,236,0.0,0.0,0,1083,1083,1037,1037,2.1,2.1,0.0,0.0,0.0,0.0,0.0,0.0,0.0,0.0,0.0,536,218,0.0,536,218,0.0,536,218,0.0,536,218,2.0,4.0,,1,,Alex,Scott,Scott,,,0,0,0,0,0,0,0,0,0,0,0,0,0,,,,0,0.0,0.0,0.0,0.0,0,0,0,503139,69,Alex,Scott,Scott,91,Midfielder,6.0,20260823T0423Z,mirror
70,a,,,6.0,74,47,0,0,0,0,1.1,183,59,0,0,0.0,544,227,0,0,0.0,544,227,0.0,0.0,0,1522,1522,754,754,2.1,2.1,0.0,0.0,0.0,0.0,0.0,0.0,0.0,0.0,0.0,512,202,0.0,512,202,0.0,512,202,0.0,512,202,3.0,2.0,2.0,1,,Justin,Kluivert,Kluivert,,,0,0,0,0,0,0,0,0,0,0,0,0,0,,,,0,0.0,0.0,0.0,0.0,0,0,0,222683,70,Justin,Kluivert,Kluivert,91,Midfielder,6.0,20260823T0423Z,mirror
71,a,,,5.0,244,147,0,0,0,0,0.2,378,142,0,0,0.0,356,118,0,0,0.0,356,118,0.0,0.0,0,367,367,181,181,1.5,1.5,0.0,0.0,0.0,0.0,0.0,0.0,0.0,0.0,0.0,227,37,0.0,227,37,0.0,227,37,0.0,227,37,5.0,,,1,,Lewis,Cook,Cook,,,0,0,0,0,0,0,0,0,0,0,0,0,0,,,,0,0.0,0.0,0.0,0.0,0,0,0,155408,71,Lewis,Cook,Cook,91,Midfielder,5.0,20260823T0423Z,mirror
72,a,,,5.0,340,197,0,0,0,0,0.1,435,174,0,0,0.0,431,159,0,0,0.0,431,159,0.0,0.0,0,84,84,73,73,1.5,1.5,0.0,0.0,0.0,0.0,0.0,0.0,0.0,0.0,0.0,323,87,0.0,323,87,0.0,323,87,0.0,323,87,,,,1,,Ben,Gannon-Doak,Gannon-Doak,,,0,0,0,0,0,0,0,0,0,0,0,0,0,,,,0,0.0,0.0,0.0,0.0,0,0,0,496208,72,Ben,Gannon-Doak,Gannon-Doak,91,Midfielder,5.0,20260823T0423Z,mirror
73,d,75.0,75.0,5.0,257,156,0,0,0,0,0.2,345,122,0,0,0.0,365,125,0,0,0.0,365,125,0.0,0.0,0,78,78,714,714,1.1,1.1,0.0,0.0,0.0,0.0,0.0,0.0,0.0,0.0,0.0,240,46,0.0,240,46,0.0,240,46,0.0,240,46,,,,1,,Tyler,Adams,Adams,Unspecified injury - 75% chance of playing,,0,0,0,0,0,0,0,0,0,0,0,0,0,,,,0,0.0,0.0,0.0,0.0,0,0,0,200785,73,Tyler,Adams,Adams,91,Midfielder,5.0,20260823T0423Z,mirror
74,d,75.0,75.0,5.0,236,142,0,0,0,0,0.0,479,196,0,0,0.0,349,113,0,0,0.0,349,113,0.0,0.0,0,22,22,143,143,1.1,1.1,0.0,0.0,0.0,0.0,0.0,0.0,0.0,0.0,0.0,219,32,0.0,219,32,0.0,219,32,0.0,219,32,4.0,3.0,,1,,David,Brooks,Brooks,Unspecified injury - 75% chance of playing,,0,0,0,0,0,0,0,0,0,0,0,0,0,,,,0,0.0,0.0,0.0,0.0,0,0,0,111317,74,David,Brooks,Brooks,91,Midfielder,5.0,20260823T0423Z,mirror
75,s,0.0,0.0,5.0,245,148,0,0,0,0,0.0,568,240,0,0,0.0,357,119,0,0,0.0,357,119,0.0,0.0,0,14,14,23,23,0.0,0.0,0.0,0.0,0.0,0.0,0.0,0.0,0.0,0.0,0.0,228,38,0.0,228,38,0.0,228,38,0.0,228,38,6.0,,,1,,Ryan,Christie,Christie,Suspended until 29 Aug,,0,0,0,0,0,0,0,0,0,0,0,0,0,,,,0,0.0,0.0,0.0,0.0,0,0,0,158499,75,Ryan,Christie,Christie,91,Midfielder,5.0,20260823T0423Z,mirror
76,a,,,5.0,386,231,0,0,0,0,0.0,557,233,0,0,0.0,460,179,0,0,0.0,460,179,0.0,0.0,0,15,15,19,19,1.5,1.5,0.0,0.0,0.0,0.0,0.0,0.0,0.0,0.0,0.0,369,121,0.0,369,121,0.0,369,121,0.0,369,121,,,,1,,Alex,Tóth,Tóth.A,,,0,0,0,0,0,0,0,0,0,0,0,0,0,,,,0,0.0,0.0,0.0,0.0,0,0,0,614574,76,Alex,Tóth,Tóth.A,91,Midfielder,5.0,20260823T0423Z,mirror
77,i,0.0,0.0,5.0,332,192,0,0,0,0,0.0,518,215,0,0,0.0,423,154,0,0,0.0,423,154,0.0,0.0,0,13,13,232,232,0.0,0.0,0.0,0.0,0.0,0.0,0.0,0.0,0.0,0.0,0.0,315,82,0.0,315,82,0.0,315,82,0.0,315,82,,,,1,,Amine,Adli,Adli,Unspecified injury - Unknown return date,,0,0,0,0,0,0,0,0,0,0,0,0,0,,,,0,0.0,0.0,0.0,0.0,0,0,0,489888,77,Amine,Adli,Adli,91,Midfielder,5.0,20260823T0423Z,mirror
78,i,0.0,0.0,7.5,22,13,0,0,0,0,0.4,267,86,0,0,0.0,598,264,0,0,0.0,598,264,0.0,0.0,0,124,124,3202,3202,0.0,0.0,0.0,0.0,0.0,0.0,0.0,0.0,0.0,0.0,0.0,592,259,0.0,592,259,0.0,592,259,0.0,592,259,,,1.0,1,,Junior,Kroupi,Kroupi.Jr,Foot injury - Unknown return date,,0,0,0,0,0,0,0,0,0,0,0,0,0,,,,0,0.0,0.0,0.0,0.0,0,0,0,560262,78,Junior,Kroupi,Kroupi.Jr,91,Midfielder,7.5,20260823T0423Z,mirror
79,a,,,6.0,84,22,0,0,0,0,2.3,118,15,0,0,0.0,548,58,0,0,0.0,548,58,0.0,0.0,0,2794,2794,1402,1402,2.0,2.0,0.0,0.0,0.0,0.0,0.0,0.0,0.0,0.0,0.0,522,54,0.0,522,54,0.0,522,54,0.0,522,54,,,,1,,Francisco Evanilson,de Lima Barbosa,Evanilson,,,0,0,0,0,0,0,0,0,0,0,0,0,0,,,,0,0.0,0.0,0.0,0.0,0,0,0,444102,79,Francisco Evanilson,de Lima Barbosa,Evanilson,91,Forward,6.0,20260823T0423Z,mirror
80,u,0.0,0.0,5.5,120,30,0,0,0,0,0.0,508,68,0,0,0.0,475,44,0,0,0.0,475,44,0.0,0.0,0,0,0,278,278,0.0,0.0,0.0,0.0,0.0,0.0,0.0,0.0,0.0,0.0,0.0,389,26,0.0,389,26,0.0,389,26,0.0,389,26,,,,1,,Enes,Ünal,Enes Ünal,Has joined Getafe permanently,,0,0,0,0,0,0,0,0,0,0,0,0,0,,,,0,0.0,0.0,0.0,0.0,0,0,0,168636,80,Enes,Ünal,Enes Ünal,91,Forward,5.5,20260823T0423Z,mirror
81,d,75.0,75.0,6.0,106,28,0,0,0,0,0.1,426,61,0,0,0.0,563,63,0,0,0.0,563,63,0.0,0.0,0,30,30,281,281,1.5,1.5,0.0,0.0,0.0,0.0,0.0,0.0,0.0,0.0,0.0,544,60,0.0,544,60,0.0,544,60,0.0,544,60,,,,1,,Álvaro,Rodríguez,Rodríguez,Unspecified injury - 75% chance of playing,,0,0,0,0,0,0,0,0,0,0,0,0,0,,,,0,0.0,0.0,0.0,0.0,0,0,0,561245,81,Álvaro,Rodríguez,Rodríguez,91,Forward,6.0,20260823T0423Z,mirror
566,a,,,5.0,326,64,0,0,0,0,0.3,300,112,0,0,0.0,417,165,0,0,0.0,417,165,0.0,0.0,0,384,384,139,139,2.2,2.2,0.0,0.0,0.0,0.0,0.0,0.0,0.0,0.0,0.0,309,151,0.0,309,151,0.0,309,151,0.0,309,151,,,,1,,António João,Pereira de Albuquerque Tavares da Silva,Silva,,,0,0,0,0,0,0,0,0,0,0,0,0,0,,,,0,0.0,0.0,0.0,0.0,0,0,0,483067,566,António João,Pereira de Albuquerque Tavares da Silva,Silva,91,Defender,5.0,20260823T0423Z,mirror
82,a,,,5.0,256,11,0,0,0,0,5.8,62,8,7,7,7.0,24,3,0,34,7.0,24,3,1.4,1.4,0,4913,4913,1658,1658,2.6,2.6,0.0,0.01,0.01,0.47,0.0,0.01,0.01,0.47,0.0,239,53,0.0,239,53,0.0,239,53,0.0,239,53,,,,1,,Caoimhín,Kelleher,Kelleher,,,90,0,0,1,0,0,0,0,0,0,4,1,0,,,,4,1.0,0.0,1.0,0.0,0,0,5,200720,82,Caoimhín,Kelleher,Kelleher,94,Goalkeeper,5.0,20260823T0423Z,mirror
83,a,,,4.5,491,43,0,0,0,0,0.1,415,46,0,0,0.0,302,50,0,0,0.0,302,50,0.0,0.0,0,85,85,100,100,1.9,1.9,0.0,0.0,0.0,0.0,0.0,0.0,0.0,0.0,0.0,165,42,0.0,165,42,0.0,165,42,0.0,165,42,,,,1,,Hákon Rafn,Valdimarsson,Valdimarsson,,,0,0,0,0,0,0,0,0,0,0,0,0,0,,,,0,0.0,0.0,0.0,0.0,0,0,0,507433,83,Hákon Rafn,Valdimarsson,Valdimarsson,94,Goalkeeper,4.5,20260823T0423Z,mirror
84,a,,,5.5,158,19,0,0,0,0,1.8,127,51,6,6,6.0,35,16,0,21,6.0,35,16,1.1,1.1,0,2281,2281,977,977,2.5,2.5,0.5,0.04,0.54,0.47,0.5,0.04,0.54,0.47,0.0,427,174,0.0,427,174,0.0,427,174,0.0,427,174,,,,1,,Nathan,Collins,Collins,,,90,0,0,1,0,0,0,0,0,0,0,1,3,,,,0,1.0,0.0,1.0,3.0,0,3,3,432830,84,Nathan,Collins,Collins,94,Defender,5.5,20260823T0423Z,mirror
573,a,,,4.5,486,132,0,0,0,0,0.2,332,125,0,0,0.0,297,130,0,0,0.0,297,130,0.0,0.0,0,139,139,125,125,1.7,1.7,0.0,0.0,0.0,0.0,0.0,0.0,0.0,0.0,0.0,160,105,0.0,160,105,0.0,160,105,0.0,160,105,,,,1,,Juanlu,Sánchez,Sanchez,,,0,0,0,0,0,0,0,0,0,0,0,0,0,,,,0,0.0,0.0,0.0,0.0,0,0,0,494928,573,Juanlu,Sánchez,Sanchez,91,Defender,4.5,20260823T0423Z,mirror
85,i,0.0,0.0,5.0,305,57,0,0,0,0,0.1,384,140,0,0,0.0,399,159,0,0,0.0,399,159,0.0,0.0,0,45,45,919,919,0.0,0.0,0.0,0.0,0.0,0.0,0.0,0.0,0.0,0.0,0.0,288,144,0.0,288,144,0.0,288,144,0.0,288,144,,,,1,,Sepp,van den Berg,Van den Berg,Groin injury - Unknown return date,,0,0,0,0,0,0,0,0,0,0,0,0,0,,,,0,0.0,0.0,0.0,0.0,0,0,0,444765,85,Sepp,van den Berg,Van den Berg,94,Defender,5.0,20260823T0423Z,mirror
86,a,,,5.5,154,95,0,0,0,0,0.5,257,83,10,10,10.0,12,5,2,36,10.0,12,5,1.8,1.8,0,3162,3162,337,337,2.0,2.0,0.37,0.08,0.45,0.47,0.37,0.08,0.45,0.47,0.0,423,151,0.0,423,151,0.0,423,151,0.0,423,151,,1.0,,1,,Keane,Lewis-Potter,Lewis-Potter,,,90,1,0,1,0,0,0,0,0,0,0,1,9,,,,0,1.0,0.0,1.0,9.0,1,3,5,249231,86,Keane,Lewis-Potter,Lewis-Potter,94,Midfielder,5.5,20260823T0423Z,mirror
87,a,,,4.5,428,94,0,0,0,0,3.6,91,36,8,8,8.0,21,9,0,29,8.0,21,9,1.8,1.8,0,4197,4197,833,833,1.7,1.7,0.16,0.04,0.2,0.47,0.16,0.04,0.2,0.47,0.0,102,67,0.0,102,67,0.0,102,67,0.0,102,67,,,,1,,Kristoffer,Ajer,Ajer,,,90,0,0,1,0,0,0,0,0,0,0,1,10,,,,0,1.0,0.0,1.0,10.0,2,8,3,191866,87,Kristoffer,Ajer,Ajer,94,Defender,4.5,20260823T0423Z,mirror
88,a,,,4.5,525,146,0,0,0,0,3.4,96,39,14,14,14.0,3,3,2,36,14.0,3,3,3.1,3.1,0,21241,21241,901,901,1.7,1.7,0.87,0.0,0.87,0.37,1.04,0.0,1.04,0.44,0.0,199,119,0.0,199,119,0.0,199,119,0.0,199,119,,,,1,,Michael,Kayode,Kayode,,,75,1,0,1,0,0,0,0,0,0,0,1,4,,,,0,1.2,0.0,1.2,4.8,1,3,5,607464,88,Michael,Kayode,Kayode,94,Defender,4.5,20260823T0423Z,mirror
89,a,,,4.5,429,95,0,0,0,0,0.3,313,116,0,0,0.0,258,105,0,0,0.0,258,105,0.0,0.0,0,149,149,222,222,1.7,1.7,0.0,0.0,0.0,0.0,0.0,0.0,0.0,0.0,0.0,103,68,0.0,103,68,0.0,103,68,0.0,103,68,,,,1,,Rico,Henry,Henry,,,0,0,0,0,0,0,0,0,0,0,0,0,0,,,,0,0.0,0.0,0.0,0.0,0,0,0,194010,89,Rico,Henry,Henry,94,Defender,4.5,20260823T0423Z,mirror
90,a,,,4.5,473,127,0,0,0,0,0.1,463,161,1,1,1.0,124,50,0,2,1.0,124,50,0.2,0.2,0,137,137,68,68,1.7,1.7,0.0,0.0,0.0,0.1,0.0,0.0,0.0,0.64,0.0,147,100,0.0,147,100,0.0,147,100,0.0,147,100,,,,1,,Aaron,Hickey,Hickey,,,14,0,0,0,0,0,0,0,0,0,0,0,0,,,,0,0.0,0.0,0.0,0.0,0,0,2,472713,90,Aaron,Hickey,Hickey,94,Defender,4.5,20260823T0423Z,mirror
91,a,,,4.5,445,108,0,0,0,0,0.1,444,156,0,0,0.0,268,112,0,0,0.0,268,112,0.0,0.0,0,106,106,93,93,1.7,1.7,0.0,0.0,0.0,0.0,0.0,0.0,0.0,0.0,0.0,119,81,0.0,119,81,0.0,119,81,0.0,119,81,,,,1,,Ethan,Pinnock,Pinnock,,,0,0,0,0,0,0,0,0,0,0,0,0,0,,,,0,0.0,0.0,0.0,0.0,0,0,0,231065,91,Ethan,Pinnock,Pinnock,94,Defender,4.5,20260823T0423Z,mirror
92,a,,,4.5,511,140,0,0,0,0,0.0,540,186,0,0,0.0,320,137,0,0,0.0,320,137,0.0,0.0,0,31,31,18,18,1.7,1.7,0.0,0.0,0.0,0.0,0.0,0.0,0.0,0.0,0.0,185,113,0.0,185,113,0.0,185,113,0.0,185,113,,,,1,,Kim,Ji-soo,Ji-soo,,,0,0,0,0,0,0,0,0,0,0,0,0,0,,,,0,0.0,0.0,0.0,0.0,0,0,0,570241,92,Kim,Ji-soo,Ji-soo,94,Defender,4.5,20260823T0423Z,mirror
93,a,,,4.5,492,134,0,0,0,0,0.2,366,139,0,0,0.0,303,132,0,0,0.0,303,132,0.0,0.0,0,35,35,113,113,1.7,1.7,0.0,0.0,0.0,0.0,0.0,0.0,0.0,0.0,0.0,166,107,0.0,166,107,0.0,166,107,0.0,166,107,,,,1,,Jannik,Schuster,Schuster,,,0,0,0,0,0,0,0,0,0,0,0,0,0,,,,0,0.0,0.0,0.0,0.0,0,0,0,513086,93,Jannik,Schuster,Schuster,94,Defender,4.5,20260823T0423Z,mirror
94,a,,,6.0,100,65,0,0,0,0,3.6,87,29,3,3,3.0,67,31,0,19,3.0,67,31,0.5,0.5,0,2614,2614,1999,1999,2.1,2.1,0.43,0.01,0.44,0.47,0.43,0.01,0.44,0.47,0.0,538,220,0.0,538,220,0.0,538,220,0.0,538,220,,,2.0,1,,Kevin,Schade,Schade,,,90,0,0,1,0,0,0,0,0,0,0,1,10,,,,0,1.0,0.0,1.0,10.0,3,2,5,513418,94,Kevin,Schade,Schade,94,Midfielder,6.0,20260823T0423Z,mirror
95,a,,,6.5,53,37,0,0,0,0,1.2,176,57,3,3,3.0,69,33,0,6,3.0,69,33,0.5,0.5,0,915,915,960,960,2.3,2.3,0.06,0.2,0.26,0.37,0.08,0.27,0.35,0.5,0.0,572,245,0.0,572,245,0.0,572,245,0.0,572,245,2.0,,,1,,Dango,Ouattara,O.Dango,,,66,0,0,1,0,0,0,0,0,0,0,1,6,,,,0,1.36,0.0,1.36,8.18,0,2,4,533463,95,Dango,Ouattara,O.Dango,94,Midfielder,6.5,20260823T0423Z,mirror
96,a,,,5.5,162,101,0,0,0,0,0.6,241,78,1,1,1.0,155,67,0,6,1.0,155,67,0.2,0.2,0,342,342,722,722,2.0,2.0,0.0,0.24,0.24,0.1,0.0,1.54,1.54,0.64,0.0,431,157,0.0,431,157,0.0,431,157,0.0,431,157,3.0,3.0,,1,,Mikkel,Damsgaard,Damsgaard,,,14,0,0,0,0,0,0,0,0,0,0,0,4,,,,0,0.0,0.0,0.0,25.71,1,0,3,440089,96,Mikkel,Damsgaard,Damsgaard,94,Midfielder,5.5,20260823T0423Z,mirror
97,a,,,5.5,138,85,0,0,0,0,0.2,355,128,6,6,6.0,34,13,0,22,6.0,34,13,1.1,1.1,0,322,322,138,138,2.0,2.0,0.09,0.55,0.64,0.37,0.12,0.75,0.87,0.5,0.0,407,141,0.0,407,141,0.0,407,141,0.0,407,141,1.0,2.0,3.0,1,,Mathias,Jensen,Jensen,,,66,0,1,1,0,0,0,0,0,0,0,1,5,,,,0,1.36,0.0,1.36,6.82,2,0,3,207283,97,Mathias,Jensen,Jensen,94,Midfielder,5.5,20260823T0423Z,mirror
98,a,,,5.0,260,158,0,0,0,0,0.1,404,157,9,9,9.0,13,6,0,35,9.0,13,6,1.8,1.8,0,1352,1352,97,97,1.5,1.5,0.41,0.08,0.49,0.47,0.41,0.08,0.49,0.47,0.0,243,48,0.0,243,48,0.0,243,48,0.0,243,48,4.0,,,1,,Vitaly,Janelt,Janelt,,,90,1,0,1,0,0,0,0,1,0,0,1,13,,,,0,1.0,0.0,1.0,13.0,4,6,3,204580,98,Vitaly,Janelt,Janelt,94,Midfielder,5.0,20260823T0423Z,mirror
99,i,0.0,0.0,5.0,366,216,0,0,0,0,0.0,599,262,0,0,0.0,447,170,0,0,0.0,447,170,0.0,0.0,0,8,8,12,12,0.0,0.0,0.0,0.0,0.0,0.0,0.0,0.0,0.0,0.0,0.0,349,106,0.0,349,106,0.0,349,106,0.0,349,106,,,,1,,Antoni,Milambo,Milambo,Knee injury - Unknown return date,,0,0,0,0,0,0,0,0,0,0,0,0,0,,,,0,0.0,0.0,0.0,0.0,0,0,0,543295,99,Antoni,Milambo,Milambo,94,Midfielder,5.0,20260823T0423Z,mirror
100,d,75.0,75.0,5.0,292,174,0,0,0,0,0.0,554,230,0,0,0.0,390,138,0,0,0.0,390,138,0.0,0.0,0,12,12,52,52,1.1,1.1,0.0,0.0,0.0,0.0,0.0,0.0,0.0,0.0,0.0,275,64,0.0,275,64,0.0,275,64,0.0,275,64,,,,1,,Fábio,Freitas Gouveia Carvalho,Carvalho,Lack of match fitness - 75% chance of playing,,0,0,0,0,0,0,0,0,0,0,0,0,0,,,,0,0.0,0.0,0.0,0.0,0,0,0,244858,100,Fábio,Freitas Gouveia Carvalho,Carvalho,94,Midfielder,5.0,20260823T0423Z,mirror
102,a,,,5.0,349,202,0,0,0,0,1.3,171,54,1,1,1.0,142,60,0,7,1.0,142,60,0.2,0.2,0,193,193,1163,1163,1.5,1.5,0.03,0.01,0.04,0.1,0.12,0.04,0.16,0.39,0.0,332,92,0.0,332,92,0.0,332,92,0.0,332,92,,,,1,,Yehor,Yarmoliuk,Yarmoliuk,,,23,0,0,0,0,0,0,0,0,0,0,0,6,,,,0,0.0,0.0,0.0,23.48,2,1,3,508395,102,Yehor,Yarmoliuk,Yarmoliuk,94,Midfielder,5.0,20260823T0423Z,mirror
103,a,,,5.0,253,153,0,0,0,0,0.0,526,218,0,0,0.0,362,122,0,0,0.0,362,122,0.0,0.0,0,44,44,35,35,1.5,1.5,0.0,0.0,0.0,0.0,0.0,0.0,0.0,0.0,0.0,236,43,0.0,236,43,0.0,236,43,0.0,236,43,,,,1,,Josh,Dasilva,Dasilva,,,0,0,0,0,0,0,0,0,0,0,0,0,0,,,,0,0.0,0.0,0.0,0.0,0,0,0,183656,103,Josh,Dasilva,Dasilva,94,Midfielder,5.0,20260823T0423Z,mirror
105,a,,,6.0,85,54,0,0,0,0,0.2,370,137,1,1,1.0,174,79,0,9,1.0,174,79,0.2,0.2,0,300,300,220,220,2.1,2.1,0.04,0.5,0.54,0.1,0.16,1.96,2.12,0.39,0.0,523,209,0.0,523,209,0.0,523,209,0.0,523,209,,,,1,,Jaidon,Anthony,Anthony,,,23,0,0,0,0,0,0,0,0,0,0,0,8,,,,0,0.0,0.0,0.0,31.3,2,0,6,444180,105,Jaidon,Anthony,Anthony,94,Midfielder,6.0,20260823T0423Z,mirror
106,a,,,8.0,12,4,0,0,0,0,17.2,22,4,0,0,0.0,600,70,0,-3,0.0,600,70,0.0,0.0,0,8267,8267,9593,9593,2.5,2.5,0.95,0.08,1.03,0.4,1.04,0.09,1.13,0.44,0.0,598,70,0.0,598,70,0.0,598,70,0.0,598,70,,,1.0,1,,Igor Thiago,Nascimento Rodrigues,Thiago,,,82,0,0,1,0,0,0,1,0,0,0,1,5,,,,0,1.1,0.0,1.1,5.49,0,1,4,502500,106,Igor Thiago,Nascimento Rodrigues,Thiago,94,Forward,8.0,20260823T0423Z,mirror
107,a,,,4.5,520,69,0,0,0,0,0.9,200,32,0,0,0.0,328,31,0,0,0.0,328,31,0.0,0.0,0,1420,1420,766,766,1.0,1.0,0.0,0.0,0.0,0.0,0.0,0.0,0.0,0.0,0.0,194,9,0.0,194,9,0.0,194,9,0.0,194,9,,,,1,,Kaye,Furo,Furo,,,0,0,0,0,0,0,0,0,0,0,0,0,0,,,,0,0.0,0.0,0.0,0.0,0,0,0,593174,107,Kaye,Furo,Furo,94,Forward,4.5,20260823T0423Z,mirror
108,a,,,5.5,113,29,0,0,0,0,0.4,280,48,1,1,1.0,148,13,0,4,1.0,148,13,0.2,0.2,0,727,727,502,502,1.8,1.8,0.05,0.09,0.14,0.07,0.64,1.16,1.8,0.9,0.0,382,25,0.0,382,25,0.0,382,25,0.0,382,25,,,,1,,Callum,Wilson,Wilson,,,7,0,0,0,0,0,0,0,0,0,0,0,0,,,,0,0.0,0.0,0.0,0.0,0,0,0,75115,108,Callum,Wilson,Wilson,94,Forward,5.5,20260823T0423Z,mirror
565,a,,,5.5,200,124,0,0,0,0,3.5,93,31,14,14,14.0,4,1,3,40,14.0,4,1,2.5,2.5,0,21708,21708,704,704,2.0,2.0,0.07,0.37,0.44,0.37,0.08,0.44,0.52,0.44,0.0,469,180,0.0,469,180,0.0,469,180,0.0,469,180,,,,1,,Mamadou,Sangaré,M.Sangaré,,,75,0,2,1,0,0,0,0,0,0,0,1,13,,,,0,1.2,0.0,1.2,15.6,2,4,7,513545,565,Mamadou,Sangaré,M.Sangaré,94,Midfielder,5.5,20260823T0423Z,mirror
109,a,,,4.5,481,42,0,0,0,0,21.7,14,3,0,0,0.0,292,49,0,0,0.0,292,49,0.0,0.0,0,5113,5113,4182,4182,1.9,1.9,0.0,0.0,0.0,0.0,0.0,0.0,0.0,0.0,0.0,155,41,0.0,155,41,0.0,155,41,0.0,155,41,,,,1,,Bart,Verbruggen,Verbruggen,,,0,0,0,0,0,0,0,0,0,0,0,0,0,,,,0,0.0,0.0,0.0,0.0,0,0,0,489639,109,Bart,Verbruggen,Verbruggen,36,Goalkeeper,4.5,20260823T0423Z,mirror
111,a,,,4.0,536,50,0,0,0,0,4.1,78,12,0,0,0.0,183,15,0,0,0.0,183,15,0.0,0.0,0,1194,1194,822,822,1.0,1.0,0.0,0.0,0.0,0.0,0.0,0.0,0.0,0.0,0.0,3,3,0.0,3,3,0.0,3,3,0.0,3,3,,,,1,,Jason,Steele,Steele,,,0,0,0,0,0,0,0,0,0,0,0,0,0,,,,0,0.0,0.0,0.0,0.0,0,0,0,49262,111,Jason,Steele,Steele,36,Goalkeeper,4.0,20260823T0423Z,mirror
113,a,,,4.5,446,109,0,0,0,0,2.9,106,42,0,0,0.0,269,113,0,0,0.0,269,113,0.0,0.0,0,1501,1501,1166,1166,1.7,1.7,0.0,0.0,0.0,0.0,0.0,0.0,0.0,0.0,0.0,120,82,0.0,120,82,0.0,120,82,0.0,120,82,3.0,,,1,,Ferdi,Kadıoğlu,F.Kadıoğlu,,,0,0,0,0,0,0,0,0,0,0,0,0,0,,,,0,0.0,0.0,0.0,0.0,0,0,0,231416,113,Ferdi,Kadıoğlu,F.Kadıoğlu,36,Defender,4.5,20260823T0423Z,mirror
114,a,,,4.5,433,98,0,0,0,0,0.2,335,127,0,0,0.0,262,108,0,0,0.0,262,108,0.0,0.0,0,102,102,106,106,1.7,1.7,0.0,0.0,0.0,0.0,0.0,0.0,0.0,0.0,0.0,107,71,0.0,107,71,0.0,107,71,0.0,107,71,,,,1,,Olivier,Boscagli,Boscagli,,,0,0,0,0,0,0,0,0,0,0,0,0,0,,,,0,0.0,0.0,0.0,0.0,0,0,0,204120,114,Olivier,Boscagli,Boscagli,36,Defender,4.5,20260823T0423Z,mirror
115,a,,,4.5,470,125,0,0,0,0,1.7,139,57,0,0,0.0,288,127,0,0,0.0,288,127,0.0,0.0,0,852,852,626,626,1.7,1.7,0.0,0.0,0.0,0.0,0.0,0.0,0.0,0.0,0.0,144,98,0.0,144,98,0.0,144,98,0.0,144,98,2.0,4.0,,1,,Maxim,De Cuyper,De Cuyper,,,0,0,0,0,0,0,0,0,0,0,0,0,0,,,,0,0.0,0.0,0.0,0.0,0,0,0,465730,115,Maxim,De Cuyper,De Cuyper,36,Defender,4.5,20260823T0423Z,mirror
117,a,,,4.5,503,138,0,0,0,0,0.0,544,189,0,0,0.0,313,135,0,0,0.0,313,135,0.0,0.0,0,25,25,17,17,1.7,1.7,0.0,0.0,0.0,0.0,0.0,0.0,0.0,0.0,0.0,177,111,0.0,177,111,0.0,177,111,0.0,177,111,,,,1,,Diego,Coppola,Coppola,,,0,0,0,0,0,0,0,0,0,0,0,0,0,,,,0,0.0,0.0,0.0,0.0,0,0,0,550090,117,Diego,Coppola,Coppola,36,Defender,4.5,20260823T0423Z,mirror
118,a,,,4.5,440,103,0,0,0,0,0.1,439,153,0,0,0.0,267,111,0,0,0.0,267,111,0.0,0.0,0,121,121,54,54,1.7,1.7,0.0,0.0,0.0,0.0,0.0,0.0,0.0,0.0,0.0,114,76,0.0,114,76,0.0,114,76,0.0,114,76,,,,1,,Igor Julio,dos Santos de Paulo,Igor,,,0,0,0,0,0,0,0,0,0,0,0,0,0,,,,0,0.0,0.0,0.0,0.0,0,0,0,223434,118,Igor Julio,dos Santos de Paulo,Igor,36,Defender,4.5,20260823T0423Z,mirror
119,a,,,4.5,465,123,0,0,0,0,0.0,528,179,0,0,0.0,284,125,0,0,0.0,284,125,0.0,0.0,0,32,32,9,9,1.7,1.7,0.0,0.0,0.0,0.0,0.0,0.0,0.0,0.0,0.0,139,96,0.0,139,96,0.0,139,96,0.0,139,96,,,,1,,João Pedro,Loureiro da Costa,Costinha,,,0,0,0,0,0,0,0,0,0,0,0,0,0,,,,0,0.0,0.0,0.0,0.0,0,0,0,451490,119,João Pedro,Loureiro da Costa,Costinha,36,Defender,4.5,20260823T0423Z,mirror
120,a,,,5.0,310,58,0,0,0,0,0.0,481,167,0,0,0.0,404,160,0,0,0.0,404,160,0.0,0.0,0,112,112,32,32,2.2,2.2,0.0,0.0,0.0,0.0,0.0,0.0,0.0,0.0,0.0,293,145,0.0,293,145,0.0,293,145,0.0,293,145,,,,1,,Michael,Svoboda,Svoboda,,,0,0,0,0,0,0,0,0,0,0,0,0,0,,,,0,0.0,0.0,0.0,0.0,0,0,0,454490,120,Michael,Svoboda,Svoboda,36,Defender,5.0,20260823T0423Z,mirror
121,i,0.0,0.0,6.0,87,56,0,0,0,0,0.1,477,195,0,0,0.0,550,231,0,0,0.0,550,231,0.0,0.0,0,49,49,239,239,0.0,0.0,0.0,0.0,0.0,0.0,0.0,0.0,0.0,0.0,0.0,525,211,0.0,525,211,0.0,525,211,0.0,525,211,,,,1,,Mitoma,Kaoru,Mitoma,Hamstring injury - Unknown return date,,0,0,0,0,0,0,0,0,0,0,0,0,0,,,,0,0.0,0.0,0.0,0.0,0,0,0,451340,121,Mitoma,Kaoru,Mitoma,36,Midfielder,6.0,20260823T0423Z,mirror
122,i,0.0,0.0,6.0,107,68,0,0,0,0,0.1,428,169,0,0,0.0,564,238,0,0,0.0,564,238,0.0,0.0,0,43,43,768,768,0.0,0.0,0.0,0.0,0.0,0.0,0.0,0.0,0.0,0.0,0.0,545,223,0.0,545,223,0.0,545,223,0.0,545,223,5.0,,,1,,Yankuba,Minteh,Minteh,Leg injury - Expected back 28 Nov,,0,0,0,0,0,0,0,0,0,0,0,0,0,,,,0,0.0,0.0,0.0,0.0,0,0,0,592031,122,Yankuba,Minteh,Minteh,36,Midfielder,6.0,20260823T0423Z,mirror
123,a,,,6.0,101,66,0,0,0,0,0.4,266,85,0,0,0.0,559,237,0,0,0.0,559,237,0.0,0.0,0,147,147,233,233,2.1,2.1,0.0,0.0,0.0,0.0,0.0,0.0,0.0,0.0,0.0,539,221,0.0,539,221,0.0,539,221,0.0,539,221,,,,1,,Jack,Hinshelwood,Hinshelwood,,,0,0,0,0,0,0,0,0,0,0,0,0,0,,,,0,0.0,0.0,0.0,0.0,0,0,0,532529,123,Jack,Hinshelwood,Hinshelwood,36,Midfielder,6.0,20260823T0423Z,mirror
124,a,,,5.5,112,73,0,0,0,0,14.3,28,9,0,0,0.0,470,186,0,0,0.0,470,186,0.0,0.0,0,4322,4322,5505,5505,2.0,2.0,0.0,0.0,0.0,0.0,0.0,0.0,0.0,0.0,0.0,381,129,0.0,381,129,0.0,381,129,0.0,381,129,1.0,1.0,1.0,1,,Pascal,Groß,Groß,,,0,0,0,0,0,0,0,0,0,0,0,0,0,,,,0,0.0,0.0,0.0,0.0,0,0,0,60307,124,Pascal,Groß,Groß,36,Midfielder,5.5,20260823T0423Z,mirror
125,a,,,5.5,174,41,0,0,0,0,0.9,204,33,0,0,0.0,506,51,0,0,0.0,506,51,0.0,0.0,0,593,593,488,488,1.8,1.8,0.0,0.0,0.0,0.0,0.0,0.0,0.0,0.0,0.0,443,37,0.0,443,37,0.0,443,37,0.0,443,37,,,,1,,Georginio,Rutter,Georginio,,,0,0,0,0,0,0,0,0,0,0,0,0,0,,,,0,0.0,0.0,0.0,0.0,0,0,0,463067,125,Georginio,Rutter,Georginio,36,Forward,5.5,20260823T0423Z,mirror
126,a,,,5.5,143,88,0,0,0,0,0.1,421,165,0,0,0.0,490,196,0,0,0.0,490,196,0.0,0.0,0,117,117,100,100,2.0,2.0,0.0,0.0,0.0,0.0,0.0,0.0,0.0,0.0,0.0,412,144,0.0,412,144,0.0,412,144,0.0,412,144,,,3.0,1,,Matt,O'Riley,O'Riley,,,0,0,0,0,0,0,0,0,0,0,0,0,0,,,,0,0.0,0.0,0.0,0.0,0,0,0,219249,126,Matt,O'Riley,O'Riley,36,Midfielder,5.5,20260823T0423Z,mirror
127,a,,,5.0,353,204,0,0,0,0,3.9,82,28,0,0,0.0,438,161,0,0,0.0,438,161,0.0,0.0,0,1643,1643,1652,1652,1.5,1.5,0.0,0.0,0.0,0.0,0.0,0.0,0.0,0.0,0.0,336,94,0.0,336,94,0.0,336,94,0.0,336,94,,5.0,,1,,Diego,Gómez Amarilla,Gomez,,,0,0,0,0,0,0,0,0,0,0,0,0,0,,,,0,0.0,0.0,0.0,0.0,0,0,0,514254,127,Diego,Gómez Amarilla,Gomez,36,Midfielder,5.0,20260823T0423Z,mirror
116,a,,,4.5,403,80,0,0,0,0,1.0,189,73,0,0,0.0,238,95,0,0,0.0,238,95,0.0,0.0,0,1267,1267,474,474,1.7,1.7,0.0,0.0,0.0,0.0,0.0,0.0,0.0,0.0,0.0,77,53,0.0,77,53,0.0,77,53,0.0,77,53,,3.0,,1,,Lewis,Dunk,Dunk,,,0,0,0,0,0,0,0,0,0,0,0,0,0,,,,0,0.0,0.0,0.0,0.0,0,0,0,83299,116,Lewis,Dunk,Dunk,36,Defender,4.5,20260823T0423Z,mirror
128,u,0.0,0.0,5.0,364,214,0,0,0,0,0.0,587,253,0,0,0.0,446,169,0,0,0.0,446,169,0.0,0.0,0,0,0,58,58,0.0,0.0,0.0,0.0,0.0,0.0,0.0,0.0,0.0,0.0,0.0,347,104,0.0,347,104,0.0,347,104,0.0,347,104,,,,1,,Facundo,Buonanotte,Buonanotte,Has joined Elche on loan for the rest of the season,,0,0,0,0,0,0,0,0,0,0,0,0,0,,,,0,0.0,0.0,0.0,0.0,0,0,0,536916,128,Facundo,Buonanotte,Buonanotte,36,Midfielder,5.0,20260823T0423Z,mirror
129,a,,,5.5,199,123,0,0,0,0,0.7,225,73,0,0,0.0,519,213,0,0,0.0,519,213,0.0,0.0,0,332,332,518,518,2.0,2.0,0.0,0.0,0.0,0.0,0.0,0.0,0.0,0.0,0.0,468,179,0.0,468,179,0.0,468,179,0.0,468,179,4.0,2.0,,1,,Yasin,Ayari,Ayari,,,0,0,0,0,0,0,0,0,0,0,0,0,0,,,,0,0.0,0.0,0.0,0.0,0,0,0,509416,129,Yasin,Ayari,Ayari,36,Midfielder,5.5,20260823T0423Z,mirror
130,a,,,5.0,318,61,0,0,0,0,0.3,314,117,0,0,0.0,411,163,0,0,0.0,411,163,0.0,0.0,0,156,156,154,154,2.2,2.2,0.0,0.0,0.0,0.0,0.0,0.0,0.0,0.0,0.0,301,148,0.0,301,148,0.0,301,148,0.0,301,148,,,,1,,Mats,Wieffer,Wieffer,,,0,0,0,0,0,0,0,0,0,0,0,0,0,,,,0,0.0,0.0,0.0,0.0,0,0,0,467779,130,Mats,Wieffer,Wieffer,36,Defender,5.0,20260823T0423Z,mirror
131,i,0.0,0.0,5.0,359,209,0,0,0,0,0.2,348,125,0,0,0.0,442,165,0,0,0.0,442,165,0.0,0.0,0,599,599,737,737,0.0,0.0,0.0,0.0,0.0,0.0,0.0,0.0,0.0,0.0,0.0,342,99,0.0,342,99,0.0,342,99,0.0,342,99,,,,1,,Carlos,Baleba,Baleba,Ankle injury - Unknown return date,,0,0,0,0,0,0,0,0,0,0,0,0,0,,,,0,0.0,0.0,0.0,0.0,0,0,0,535301,131,Carlos,Baleba,Baleba,36,Midfielder,5.0,20260823T0423Z,mirror
132,u,0.0,0.0,4.5,522,261,0,0,0,0,0.1,459,188,0,0,0.0,330,104,0,0,0.0,330,104,0.0,0.0,0,0,0,360,360,0.0,0.0,0.0,0.0,0.0,0.0,0.0,0.0,0.0,0.0,0.0,196,23,0.0,196,23,0.0,196,23,0.0,196,23,,,,1,,Harry,Howell,Howell,Has joined Leicester City on loan for the rest of the season,,0,0,0,0,0,0,0,0,0,0,0,0,0,,,,0,0.0,0.0,0.0,0.0,0,0,0,597320,132,Harry,Howell,Howell,36,Midfielder,4.5,20260823T0423Z,mirror
133,u,0.0,0.0,5.0,369,219,0,0,0,0,0.0,597,261,0,0,0.0,449,172,0,0,0.0,449,172,0.0,0.0,0,0,0,11,11,0.0,0.0,0.0,0.0,0.0,0.0,0.0,0.0,0.0,0.0,0.0,352,109,0.0,352,109,0.0,352,109,0.0,352,109,,,,1,,Tom,Watson,Watson,Has joined Leicester City on loan for the rest of the season,,0,0,0,0,0,0,0,0,0,0,0,0,0,,,,0,0.0,0.0,0.0,0.0,0,0,0,549074,133,Tom,Watson,Watson,36,Midfielder,5.0,20260823T0423Z,mirror
134,a,,,4.5,507,256,0,0,0,0,0.3,299,100,0,0,0.0,317,99,0,0,0.0,317,99,0.0,0.0,0,387,387,206,206,1.0,1.0,0.0,0.0,0.0,0.0,0.0,0.0,0.0,0.0,0.0,181,18,0.0,181,18,0.0,181,18,0.0,181,18,,,,1,,Nehemiah,Oriola,Oriola,,,0,0,0,0,0,0,0,0,0,0,0,0,0,,,,0,0.0,0.0,0.0,0.0,0,0,0,556637,134,Nehemiah,Oriola,Oriola,36,Midfielder,4.5,20260823T0423Z,mirror
135,a,,,5.0,397,238,0,0,0,0,0.1,451,182,0,0,0.0,469,185,0,0,0.0,469,185,0.0,0.0,0,81,81,53,53,1.5,1.5,0.0,0.0,0.0,0.0,0.0,0.0,0.0,0.0,0.0,380,128,0.0,380,128,0.0,380,128,0.0,380,128,,,,1,,Zadok,Yohanna,Yohanna,,,0,0,0,0,0,0,0,0,0,0,0,0,0,,,,0,0.0,0.0,0.0,0.0,0,0,0,700308,135,Zadok,Yohanna,Yohanna,36,Midfielder,5.0,20260823T0423Z,mirror
137,i,0.0,0.0,5.5,220,46,0,0,0,0,0.0,579,71,0,0,0.0,530,52,0,0,0.0,530,52,0.0,0.0,0,19,19,52,52,0.0,0.0,0.0,0.0,0.0,0.0,0.0,0.0,0.0,0.0,0.0,489,42,0.0,489,42,0.0,489,42,0.0,489,42,,,,1,,Stefanos,Tzimas,Tzimas,Knee injury - Unknown return date,,0,0,0,0,0,0,0,0,0,0,0,0,0,,,,0,0.0,0.0,0.0,0.0,0,0,0,608181,137,Stefanos,Tzimas,Tzimas,36,Forward,5.5,20260823T0423Z,mirror
138,a,,,5.5,223,47,0,0,0,0,0.2,333,54,0,0,0.0,533,53,0,0,0.0,533,53,0.0,0.0,0,116,116,183,183,1.8,1.8,0.0,0.0,0.0,0.0,0.0,0.0,0.0,0.0,0.0,492,43,0.0,492,43,0.0,492,43,0.0,492,43,,,,1,,Charalampos,Kostoulas,Kostoulas,,,0,0,0,0,0,0,0,0,0,0,0,0,0,,,,0,0.0,0.0,0.0,0.0,0,0,0,647850,138,Charalampos,Kostoulas,Kostoulas,36,Forward,5.5,20260823T0423Z,mirror
139,i,0.0,0.0,5.0,329,55,0,0,0,0,0.0,514,69,0,0,0.0,420,38,0,0,0.0,420,38,0.0,0.0,0,74,74,118,118,0.0,0.0,0.0,0.0,0.0,0.0,0.0,0.0,0.0,0.0,0.0,312,19,0.0,312,19,0.0,312,19,0.0,312,19,,,,1,,Evan,Ferguson,Ferguson,Ankle injury - Expected back 10 Oct,,0,0,0,0,0,0,0,0,0,0,0,0,0,,,,0,0.0,0.0,0.0,0.0,0,0,0,487117,139,Evan,Ferguson,Ferguson,36,Forward,5.0,20260823T0423Z,mirror
328,a,100.0,100.0,5.0,279,50,0,0,0,0,0.2,326,122,0,0,0.0,378,154,0,0,0.0,378,154,0.0,0.0,0,235,235,130,130,2.2,2.2,0.0,0.0,0.0,0.0,0.0,0.0,0.0,0.0,0.0,262,137,0.0,262,137,0.0,262,137,0.0,262,137,,,,1,,Pascal,Struijk,Struijk,,,0,0,0,0,0,0,0,0,0,0,0,0,0,,,,0,0.0,0.0,0.0,0.0,0,0,0,222694,328,Pascal,Struijk,Struijk,36,Defender,5.0,20260823T0423Z,mirror
594,a,,,6.0,102,25,0,0,0,0,0.3,312,52,0,0,0.0,560,60,0,0,0.0,560,60,0.0,0.0,0,454,454,220,220,2.0,2.0,0.0,0.0,0.0,0.0,0.0,0.0,0.0,0.0,0.0,540,57,0.0,540,57,0.0,540,57,0.0,540,57,,,2.0,1,,Promise,David,David,,,0,0,0,0,0,0,0,0,0,0,0,0,0,,,,0,0.0,0.0,0.0,0.0,0,0,0,538007,594,Promise,David,David,36,Forward,6.0,20260823T0423Z,mirror
600,a,,,5.0,385,230,0,0,0,0,0.0,569,241,0,0,0.0,459,178,0,0,0.0,459,178,0.0,0.0,0,36,36,12,12,1.5,1.5,0.0,0.0,0.0,0.0,0.0,0.0,0.0,0.0,0.0,368,120,0.0,368,120,0.0,368,120,0.0,368,120,,,,1,,Ibrahim,Osman,Osman,,,0,0,0,0,0,0,0,0,0,0,0,0,0,,,,0,0.0,0.0,0.0,0.0,0,0,0,612855,600,Ibrahim,Osman,Osman,36,Midfielder,5.0,20260823T0423Z,mirror
40,a,,,7.5,16,9,0,0,0,0,24.4,12,6,0,0,0.0,592,260,0,0,0.0,592,260,0.0,0.0,0,9866,9866,6988,6988,2.6,2.6,0.0,0.0,0.0,0.0,0.0,0.0,0.0,0.0,0.0,586,255,0.0,586,255,0.0,586,255,0.0,586,255,4.0,,,1,,Morgan,Rogers,Rogers,,,0,0,0,0,0,0,0,0,0,0,0,0,0,,,,0,0.0,0.0,0.0,0.0,0,0,0,244850,40,Morgan,Rogers,Rogers,8,Midfielder,7.5,20260823T0423Z,mirror
101,d,75.0,75.0,5.0,225,139,0,0,0,0,0.0,494,206,0,0,0.0,340,110,0,0,0.0,340,110,0.0,0.0,0,68,68,103,103,1.1,1.1,0.0,0.0,0.0,0.0,0.0,0.0,0.0,0.0,0.0,208,29,0.0,208,29,0.0,208,29,0.0,208,29,,,,1,,Jordan,Henderson,Henderson,Wrist injury - 75% chance of playing,,0,0,0,0,0,0,0,0,0,0,0,0,0,,,,0,0.0,0.0,0.0,0.0,0,0,0,56979,101,Jordan,Henderson,Henderson,8,Midfielder,5.0,20260823T0423Z,mirror
136,d,75.0,75.0,6.0,57,13,0,0,0,0,1.2,177,26,0,0,0.0,535,55,0,0,0.0,535,55,0.0,0.0,0,164,164,3695,3695,1.5,1.5,0.0,0.0,0.0,0.0,0.0,0.0,0.0,0.0,0.0,495,45,0.0,495,45,0.0,495,45,0.0,495,45,,,,1,,Danny,Welbeck,Welbeck,Unspecified injury - 75% chance of playing,,0,0,0,0,0,0,0,0,0,0,0,0,0,,,,0,0.0,0.0,0.0,0.0,0,0,0,50175,136,Danny,Welbeck,Welbeck,8,Forward,6.0,20260823T0423Z,mirror
140,a,,,5.0,269,12,0,0,0,0,2.4,116,18,0,0,0.0,371,59,0,0,0.0,371,59,0.0,0.0,0,1290,1290,1186,1186,2.6,2.6,0.0,0.0,0.0,0.0,0.0,0.0,0.0,0.0,0.0,252,54,0.0,252,54,0.0,252,54,0.0,252,54,,,,1,,Robert,Lynch Sánchez,Sánchez,,,0,0,0,0,0,0,0,0,0,0,0,0,0,,,,0,0.0,0.0,0.0,0.0,0,0,0,215059,140,Robert,Lynch Sánchez,Sánchez,8,Goalkeeper,5.0,20260823T0423Z,mirror
504,a,,,5.0,384,76,0,0,0,0,2.5,114,47,0,0,0.0,458,175,0,0,0.0,458,175,0.0,0.0,0,1630,1630,802,802,2.2,2.2,0.0,0.0,0.0,0.0,0.0,0.0,0.0,0.0,0.0,367,163,0.0,367,163,0.0,367,163,0.0,367,163,,,,1,,Luka,Vušković,Vuskovic,,,0,0,0,0,0,0,0,0,0,0,0,0,0,,,,0,0.0,0.0,0.0,0.0,0,0,0,610799,504,Luka,Vušković,Vuskovic,36,Defender,5.0,20260823T0423Z,mirror
141,u,0.0,0.0,5.0,350,21,0,0,0,0,0.0,550,65,0,0,0.0,436,65,0,0,0.0,436,65,0.0,0.0,0,0,0,170,170,0.0,0.0,0.0,0.0,0.0,0.0,0.0,0.0,0.0,0.0,0.0,333,63,0.0,333,63,0.0,333,63,0.0,333,63,,,,1,,Filip,Jörgensen,Jörgensen,Has joined RC Strasbourg on loan for the rest of the season,,0,0,0,0,0,0,0,0,0,0,0,0,0,,,,0,0.0,0.0,0.0,0.0,0,0,0,508479,141,Filip,Jörgensen,Jörgensen,8,Goalkeeper,5.0,20260823T0423Z,mirror
142,a,,,5.5,145,16,0,0,0,0,10.2,39,14,0,0,0.0,492,181,0,0,0.0,492,181,0.0,0.0,0,13673,13673,3783,3783,2.5,2.5,0.0,0.0,0.0,0.0,0.0,0.0,0.0,0.0,0.0,414,171,0.0,414,171,0.0,414,171,0.0,414,171,1.0,1.0,,1,,Reece,James,James,,,0,0,0,0,0,0,0,0,0,0,0,0,0,,,,0,0.0,0.0,0.0,0.0,0,0,0,225796,142,Reece,James,James,8,Defender,5.5,20260823T0423Z,mirror
143,u,0.0,0.0,5.5,126,12,0,0,0,0,0.2,351,134,0,0,0.0,480,178,0,0,0.0,480,178,0.0,0.0,0,0,0,2353,2353,0.0,0.0,0.0,0.0,0.0,0.0,0.0,0.0,0.0,0.0,0.0,395,167,0.0,395,167,0.0,395,167,0.0,395,167,,,,1,,Trevoh,Chalobah,Chalobah,Has joined Como permanently,,0,0,0,0,0,0,0,0,0,0,0,0,0,,,,0,0.0,0.0,0.0,0.0,0,0,0,180736,143,Trevoh,Chalobah,Chalobah,8,Defender,5.5,20260823T0423Z,mirror
144,a,,,5.0,325,63,0,0,0,0,1.2,175,69,0,0,0.0,416,164,0,0,0.0,416,164,0.0,0.0,0,2529,2529,875,875,2.2,2.2,0.0,0.0,0.0,0.0,0.0,0.0,0.0,0.0,0.0,308,150,0.0,308,150,0.0,308,150,0.0,308,150,,,,1,,Malo,Gusto,Gusto,,,0,0,0,0,0,0,0,0,0,0,0,0,0,,,,0,0.0,0.0,0.0,0.0,0,0,0,482609,144,Malo,Gusto,Gusto,8,Defender,5.0,20260823T0423Z,mirror
145,s,0.0,0.0,5.0,304,56,0,0,0,0,0.0,565,191,0,0,0.0,398,158,0,0,0.0,398,158,0.0,0.0,0,24,24,55,55,0.0,0.0,0.0,0.0,0.0,0.0,0.0,0.0,0.0,0.0,0.0,287,143,0.0,287,143,0.0,287,143,0.0,287,143,,,,1,,Wesley,Fofana,Fofana,Suspended until 6 Sep,,0,0,0,0,0,0,0,0,0,0,0,0,0,,,,0,0.0,0.0,0.0,0.0,0,0,0,444463,145,Wesley,Fofana,Fofana,8,Defender,5.0,20260823T0423Z,mirror
146,a,,,4.5,452,113,0,0,0,0,0.0,524,176,0,0,0.0,274,117,0,0,0.0,274,117,0.0,0.0,0,99,99,64,64,1.7,1.7,0.0,0.0,0.0,0.0,0.0,0.0,0.0,0.0,0.0,126,86,0.0,126,86,0.0,126,86,0.0,126,86,,,,1,,Benoît,Badiashile Mukinayi,B.Badiashile,,,0,0,0,0,0,0,0,0,0,0,0,0,0,,,,0,0.0,0.0,0.0,0.0,0,0,0,242880,146,Benoît,Badiashile Mukinayi,B.Badiashile,8,Defender,4.5,20260823T0423Z,mirror
147,a,,,4.5,411,84,0,0,0,0,0.2,338,129,0,0,0.0,243,97,0,0,0.0,243,97,0.0,0.0,0,86,86,156,156,1.7,1.7,0.0,0.0,0.0,0.0,0.0,0.0,0.0,0.0,0.0,85,57,0.0,85,57,0.0,85,57,0.0,85,57,,,,1,,Tosin,Adarabioyo,Tosin,,,0,0,0,0,0,0,0,0,0,0,0,0,0,,,,0,0.0,0.0,0.0,0.0,0,0,0,109646,147,Tosin,Adarabioyo,Tosin,8,Defender,4.5,20260823T0423Z,mirror
148,a,,,4.5,504,139,0,0,0,0,0.5,260,97,0,0,0.0,314,136,0,0,0.0,314,136,0.0,0.0,0,462,462,349,349,1.7,1.7,0.0,0.0,0.0,0.0,0.0,0.0,0.0,0.0,0.0,178,112,0.0,178,112,0.0,178,112,0.0,178,112,,,,1,,Jorrel,Hato,Hato,,,0,0,0,0,0,0,0,0,0,0,0,0,0,,,,0,0.0,0.0,0.0,0.0,0,0,0,551210,148,Jorrel,Hato,Hato,8,Defender,4.5,20260823T0423Z,mirror
149,a,,,5.0,311,59,0,0,0,0,1.6,144,61,0,0,0.0,405,161,0,0,0.0,405,161,0.0,0.0,0,2229,2229,865,865,2.2,2.2,0.0,0.0,0.0,0.0,0.0,0.0,0.0,0.0,0.0,294,146,0.0,294,146,0.0,294,146,0.0,294,146,,,,1,,Levi,Samuels Colwill,Colwill,,,0,0,0,0,0,0,0,0,0,0,0,0,0,,,,0,0.0,0.0,0.0,0.0,0,0,0,460028,149,Levi,Samuels Colwill,Colwill,8,Defender,5.0,20260823T0423Z,mirror
150,a,,,4.5,512,141,0,0,0,0,0.1,443,155,0,0,0.0,321,138,0,0,0.0,321,138,0.0,0.0,0,161,161,79,79,1.7,1.7,0.0,0.0,0.0,0.0,0.0,0.0,0.0,0.0,0.0,186,114,0.0,186,114,0.0,186,114,0.0,186,114,,,,1,,Mamadou,Sarr,M.Sarr,,,0,0,0,0,0,0,0,0,0,0,0,0,0,,,,0,0.0,0.0,0.0,0.0,0,0,0,574458,150,Mamadou,Sarr,M.Sarr,8,Defender,4.5,20260823T0423Z,mirror
151,a,,,4.5,515,143,0,0,0,0,0.3,302,113,0,0,0.0,323,139,0,0,0.0,323,139,0.0,0.0,0,320,320,270,270,1.7,1.7,0.0,0.0,0.0,0.0,0.0,0.0,0.0,0.0,0.0,189,116,0.0,189,116,0.0,189,116,0.0,189,116,,,,1,,Josh,Acheampong,Acheampong,,,0,0,0,0,0,0,0,0,0,0,0,0,0,,,,0,0.0,0.0,0.0,0.0,0,0,0,577016,151,Josh,Acheampong,Acheampong,8,Defender,4.5,20260823T0423Z,mirror
152,a,,,5.5,222,34,0,0,0,0,3.0,105,41,0,0,0.0,532,192,0,0,0.0,532,192,0.0,0.0,0,2010,2010,1025,1025,2.5,2.5,0.0,0.0,0.0,0.0,0.0,0.0,0.0,0.0,0.0,491,189,0.0,491,189,0.0,491,189,0.0,491,189,,,,1,,Marco,Palestra,Palestra,,,0,0,0,0,0,0,0,0,0,0,0,0,0,,,,0,0.0,0.0,0.0,0.0,0,0,0,620109,152,Marco,Palestra,Palestra,8,Defender,5.5,20260823T0423Z,mirror
153,a,,,4.5,437,101,0,0,0,0,0.1,466,162,0,0,0.0,265,110,0,0,0.0,265,110,0.0,0.0,0,159,159,81,81,1.7,1.7,0.0,0.0,0.0,0.0,0.0,0.0,0.0,0.0,0.0,111,74,0.0,111,74,0.0,111,74,0.0,111,74,,,,1,,Axel,Disasi,Disasi,,,0,0,0,0,0,0,0,0,0,0,0,0,0,,,,0,0.0,0.0,0.0,0.0,0,0,0,220362,153,Axel,Disasi,Disasi,8,Defender,4.5,20260823T0423Z,mirror
154,a,,,9.5,4,3,0,0,0,0,10.6,37,13,0,0,0.0,603,266,0,0,0.0,603,266,0.0,0.0,0,4009,4009,3462,3462,3.2,3.2,0.0,0.0,0.0,0.0,0.0,0.0,0.0,0.0,0.0,602,265,0.0,602,265,0.0,602,265,0.0,602,265,,3.0,1.0,1,,Cole,Palmer,Palmer,,,0,0,0,0,0,0,0,0,0,0,0,0,0,,,,0,0.0,0.0,0.0,0.0,0,0,0,244851,154,Cole,Palmer,Palmer,8,Midfielder,9.5,20260823T0423Z,mirror
155,a,,,7.0,29,19,0,0,0,0,5.2,67,21,0,0,0.0,590,259,0,0,0.0,590,259,0.0,0.0,0,4795,4795,3624,3624,2.5,2.5,0.0,0.0,0.0,0.0,0.0,0.0,0.0,0.0,0.0,581,253,0.0,581,253,0.0,581,253,0.0,581,253,3.0,2.0,2.0,1,,Enzo,Fernández,Enzo,,,0,0,0,0,0,0,0,0,0,0,0,0,0,,,,0,0.0,0.0,0.0,0.0,0,0,0,448047,155,Enzo,Fernández,Enzo,8,Midfielder,7.0,20260823T0423Z,mirror
156,a,,,6.5,42,29,0,0,0,0,1.4,167,52,0,0,0.0,574,247,0,0,0.0,574,247,0.0,0.0,0,1249,1249,1135,1135,2.3,2.3,0.0,0.0,0.0,0.0,0.0,0.0,0.0,0.0,0.0,561,237,0.0,561,237,0.0,561,237,0.0,561,237,2.0,4.0,,1,,Pedro,Lomba Neto,Neto,,,0,0,0,0,0,0,0,0,0,0,0,0,0,,,,0,0.0,0.0,0.0,0.0,0,0,0,247632,156,Pedro,Lomba Neto,Neto,8,Midfielder,6.5,20260823T0423Z,mirror
157,a,,,6.5,55,39,0,0,0,0,1.3,172,55,0,0,0.0,584,254,0,0,0.0,584,254,0.0,0.0,0,1443,1443,1580,1580,2.3,2.3,0.0,0.0,0.0,0.0,0.0,0.0,0.0,0.0,0.0,574,247,0.0,574,247,0.0,574,247,0.0,574,247,5.0,,3.0,1,,Estêvão,Almeida de Oliveira Gonçalves,Estêvão,,,0,0,0,0,0,0,0,0,0,0,0,0,0,,,,0,0.0,0.0,0.0,0.0,0,0,0,624773,157,Estêvão,Almeida de Oliveira Gonçalves,Estêvão,8,Midfielder,6.5,20260823T0423Z,mirror
158,a,,,6.0,89,57,0,0,0,0,0.0,502,211,0,0,0.0,552,232,0,0,0.0,552,232,0.0,0.0,0,61,61,72,72,2.1,2.1,0.0,0.0,0.0,0.0,0.0,0.0,0.0,0.0,0.0,527,212,0.0,527,212,0.0,527,212,0.0,527,212,,,,1,,Jamie,Bynoe-Gittens,Gittens,,,0,0,0,0,0,0,0,0,0,0,0,0,0,,,,0,0.0,0.0,0.0,0.0,0,0,0,463936,158,Jamie,Bynoe-Gittens,Gittens,8,Midfielder,6.0,20260823T0423Z,mirror
161,a,,,5.0,354,205,0,0,0,0,0.1,473,193,0,0,0.0,439,162,0,0,0.0,439,162,0.0,0.0,0,95,95,76,76,1.5,1.5,0.0,0.0,0.0,0.0,0.0,0.0,0.0,0.0,0.0,337,95,0.0,337,95,0.0,337,95,0.0,337,95,,,,1,,Roméo,Lavia,Lavia,,,0,0,0,0,0,0,0,0,0,0,0,0,0,,,,0,0.0,0.0,0.0,0.0,0,0,0,514356,161,Roméo,Lavia,Lavia,8,Midfielder,5.0,20260823T0423Z,mirror
159,a,,,5.5,190,116,0,0,0,0,4.0,79,26,0,0,0.0,514,209,0,0,0.0,514,209,0.0,0.0,0,4129,4129,3057,3057,2.0,2.0,0.0,0.0,0.0,0.0,0.0,0.0,0.0,0.0,0.0,459,172,0.0,459,172,0.0,459,172,0.0,459,172,,,,1,,Moisés,Caicedo Corozo,Caicedo,,,0,0,0,0,0,0,0,0,0,0,0,0,0,,,,0,0.0,0.0,0.0,0.0,0,0,0,486672,159,Moisés,Caicedo Corozo,Caicedo,8,Midfielder,5.5,20260823T0423Z,mirror
163,a,,,4.5,483,249,0,0,0,0,0.2,341,120,0,0,0.0,294,92,0,0,0.0,294,92,0.0,0.0,0,345,345,309,309,1.0,1.0,0.0,0.0,0.0,0.0,0.0,0.0,0.0,0.0,0.0,157,11,0.0,157,11,0.0,157,11,0.0,157,11,,,,1,,Dário,Luís Essugo,D.Essugo,,,0,0,0,0,0,0,0,0,0,0,0,0,0,,,,0,0.0,0.0,0.0,0.0,0,0,0,491007,163,Dário,Luís Essugo,D.Essugo,8,Midfielder,4.5,20260823T0423Z,mirror
164,a,100.0,100.0,5.5,219,137,0,0,0,0,0.0,491,204,0,0,0.0,529,220,0,0,0.0,529,220,0.0,0.0,0,45,45,67,67,2.0,2.0,0.0,0.0,0.0,0.0,0.0,0.0,0.0,0.0,0.0,488,193,0.0,488,193,0.0,488,193,0.0,488,193,,,,1,,Geovany,Quenda,Quenda,,,0,0,0,0,0,0,0,0,0,0,0,0,0,,,,0,0.0,0.0,0.0,0.0,0,0,0,593117,164,Geovany,Quenda,Quenda,8,Midfielder,5.5,20260823T0423Z,mirror
165,a,,,7.5,19,7,0,0,0,0,64.1,2,2,0,0,0.0,595,67,0,0,0.0,595,67,0.0,0.0,0,19373,19373,5760,5760,2.4,2.4,0.0,0.0,0.0,0.0,0.0,0.0,0.0,0.0,0.0,589,67,0.0,589,67,0.0,589,67,0.0,589,67,,,,1,,João Pedro,Junqueira de Jesus,João Pedro,,,0,0,0,0,0,0,0,0,0,0,0,0,0,,,,0,0.0,0.0,0.0,0.0,0,0,0,475168,165,João Pedro,Junqueira de Jesus,João Pedro,8,Forward,7.5,20260823T0423Z,mirror
166,a,,,6.5,52,12,0,0,0,0,0.4,284,50,0,0,0.0,582,64,0,0,0.0,582,64,0.0,0.0,0,529,529,558,558,2.1,2.1,0.0,0.0,0.0,0.0,0.0,0.0,0.0,0.0,0.0,571,62,0.0,571,62,0.0,571,62,0.0,571,62,,,,1,,Nicolas,Jackson,N.Jackson,,,0,0,0,0,0,0,0,0,0,0,0,0,0,,,,0,0.0,0.0,0.0,0.0,0,0,0,517052,166,Nicolas,Jackson,N.Jackson,8,Forward,6.5,20260823T0423Z,mirror
167,a,,,5.5,173,40,0,0,0,0,0.5,262,46,0,0,0.0,505,50,0,0,0.0,505,50,0.0,0.0,0,445,445,652,652,1.8,1.8,0.0,0.0,0.0,0.0,0.0,0.0,0.0,0.0,0.0,442,36,0.0,442,36,0.0,442,36,0.0,442,36,,,4.0,1,,Liam,Delap,Delap,,,0,0,0,0,0,0,0,0,0,0,0,0,0,,,,0,0.0,0.0,0.0,0.0,0,0,0,463034,167,Liam,Delap,Delap,8,Forward,5.5,20260823T0423Z,mirror
168,a,,,5.0,343,56,0,0,0,0,0.5,255,44,0,0,0.0,433,39,0,0,0.0,433,39,0.0,0.0,0,617,617,637,637,1.4,1.4,0.0,0.0,0.0,0.0,0.0,0.0,0.0,0.0,0.0,326,20,0.0,326,20,0.0,326,20,0.0,326,20,,,,1,,Marc,Guiu Paz,Marc Guiu,,,0,0,0,0,0,0,0,0,0,0,0,0,0,,,,0,0.0,0.0,0.0,0.0,0,0,0,499309,168,Marc,Guiu Paz,Marc Guiu,8,Forward,5.0,20260823T0423Z,mirror
169,a,,,4.5,510,68,0,0,0,0,0.4,283,49,0,0,0.0,319,30,0,0,0.0,319,30,0.0,0.0,0,644,644,467,467,1.0,1.0,0.0,0.0,0.0,0.0,0.0,0.0,0.0,0.0,0.0,184,8,0.0,184,8,0.0,184,8,0.0,184,8,,,,1,,Shumaira,Mheuka,Mheuka,,,0,0,0,0,0,0,0,0,0,0,0,0,0,,,,0,0.0,0.0,0.0,0.0,0,0,0,567119,169,Shumaira,Mheuka,Mheuka,8,Forward,4.5,20260823T0423Z,mirror
170,a,100.0,100.0,5.0,348,57,0,0,0,0,0.2,380,58,0,0,0.0,435,40,0,0,0.0,435,40,0.0,0.0,0,441,441,268,268,1.4,1.4,0.0,0.0,0.0,0.0,0.0,0.0,0.0,0.0,0.0,331,21,0.0,331,21,0.0,331,21,0.0,331,21,,,,1,,Emmanuel,Emegha,Emegha,,,0,0,0,0,0,0,0,0,0,0,0,0,0,,,,0,0.0,0.0,0.0,0.0,0,0,0,503037,170,Emmanuel,Emegha,Emegha,8,Forward,5.0,20260823T0423Z,mirror
200,a,,,6.0,80,8,0,0,0,0,9.1,45,17,0,0,0.0,546,194,0,0,0.0,546,194,0.0,0.0,0,4639,4639,5019,5019,2.8,2.8,0.0,0.0,0.0,0.0,0.0,0.0,0.0,0.0,0.0,518,193,0.0,518,193,0.0,518,193,0.0,518,193,,,,1,,Maxence,Lacroix,Lacroix,,,0,0,0,0,0,0,0,0,0,0,0,0,0,,,,0,0.0,0.0,0.0,0.0,0,0,0,437499,200,Maxence,Lacroix,Lacroix,8,Defender,6.0,20260823T0423Z,mirror
560,a,,,4.5,502,46,0,0,0,0,0.1,457,50,0,0,0.0,312,53,0,0,0.0,312,53,0.0,0.0,0,58,58,69,69,1.9,1.9,0.0,0.0,0.0,0.0,0.0,0.0,0.0,0.0,0.0,176,45,0.0,176,45,0.0,176,45,0.0,176,45,,,,1,,Mike,Penders,Penders,,,0,0,0,0,0,0,0,0,0,0,0,0,0,,,,0,0.0,0.0,0.0,0.0,0,0,0,549939,560,Mike,Penders,Penders,8,Goalkeeper,4.5,20260823T0423Z,mirror
561,a,,,4.5,528,148,0,0,0,0,0.0,535,183,0,0,0.0,334,142,0,0,0.0,334,142,0.0,0.0,0,59,59,27,27,1.7,1.7,0.0,0.0,0.0,0.0,0.0,0.0,0.0,0.0,0.0,202,121,0.0,202,121,0.0,202,121,0.0,202,121,,,,1,,Aaron,Anselmino,Anselmino,,,0,0,0,0,0,0,0,0,0,0,0,0,0,,,,0,0.0,0.0,0.0,0.0,0,0,0,622758,561,Aaron,Anselmino,Anselmino,8,Defender,4.5,20260823T0423Z,mirror
568,a,,,5.5,203,127,0,0,0,0,0.1,386,146,0,0,0.0,520,214,0,0,0.0,520,214,0.0,0.0,0,73,73,143,143,2.0,2.0,0.0,0.0,0.0,0.0,0.0,0.0,0.0,0.0,0.0,472,183,0.0,472,183,0.0,472,183,0.0,472,183,,,,1,,Valentín,Barco,Barco,,,0,0,0,0,0,0,0,0,0,0,0,0,0,,,,0,0.0,0.0,0.0,0.0,0,0,0,543158,568,Valentín,Barco,Barco,8,Midfielder,5.5,20260823T0423Z,mirror
578,a,,,5.5,178,108,0,0,0,0,0.0,480,197,0,0,0.0,509,205,0,0,0.0,509,205,0.0,0.0,0,61,61,90,90,2.0,2.0,0.0,0.0,0.0,0.0,0.0,0.0,0.0,0.0,0.0,447,164,0.0,447,164,0.0,447,164,0.0,447,164,,,,1,,Mykhailo,Mudryk,Mudryk,,,0,0,0,0,0,0,0,0,0,0,0,0,0,,,,0,0.0,0.0,0.0,0.0,0,0,0,465920,578,Mykhailo,Mudryk,Mudryk,8,Midfielder,5.5,20260823T0423Z,mirror
583,a,,,5.0,342,70,0,0,0,0,0.2,343,131,0,0,0.0,432,171,0,0,0.0,432,171,0.0,0.0,0,245,245,152,152,2.2,2.2,0.0,0.0,0.0,0.0,0.0,0.0,0.0,0.0,0.0,325,157,0.0,325,157,0.0,325,157,0.0,325,157,,,,1,,Pep,Chavarría,Chavarria,,,0,0,0,0,0,0,0,0,0,0,0,0,0,,,,0,0.0,0.0,0.0,0.0,0,0,0,498444,583,Pep,Chavarría,Chavarria,8,Defender,5.0,20260823T0423Z,mirror
104,a,,,5.0,296,177,0,0,0,0,0.2,376,141,2,2,2.0,85,38,0,8,2.0,85,38,0.4,0.4,0,332,332,185,185,1.5,1.5,0.0,0.01,0.01,1.88,0.0,0.01,0.01,1.88,0.0,279,67,0.0,279,67,0.0,279,67,0.0,279,67,,,,1,,Frank,Onyeka,Onyeka,,,90,0,0,0,3,0,0,0,0,0,0,1,9,,,,0,0.0,3.0,1.0,9.0,1,3,5,428580,104,Frank,Onyeka,Onyeka,9,Midfielder,5.0,20260823T0423Z,mirror
110,a,,,4.5,474,39,0,0,0,0,1.1,181,26,1,1,1.0,125,10,0,0,1.0,125,10,0.2,0.2,0,804,804,613,613,1.9,1.9,0.0,0.01,0.01,1.88,0.0,0.01,0.01,1.88,0.0,148,38,0.0,148,38,0.0,148,38,0.0,148,38,,,,1,,Carl,Rushworth,Rushworth,,,90,0,0,0,3,0,0,0,0,0,2,1,0,,,,2,0.0,3.0,1.0,0.0,0,1,7,472739,110,Carl,Rushworth,Rushworth,9,Goalkeeper,4.5,20260823T0423Z,mirror
171,a,,,4.0,578,64,0,0,0,0,1.6,147,21,0,0,0.0,210,29,0,0,0.0,210,29,0.0,0.0,0,253,253,702,702,1.0,1.0,0.0,0.0,0.0,0.0,0.0,0.0,0.0,0.0,0.0,45,17,0.0,45,17,0.0,45,17,0.0,45,17,,,,1,,Oliver,Dovin,Dovin,,,0,0,0,0,0,0,0,0,0,0,0,0,0,,,,0,0.0,0.0,0.0,0.0,0,0,0,484389,171,Oliver,Dovin,Dovin,9,Goalkeeper,4.0,20260823T0423Z,mirror
172,a,,,4.5,412,28,0,0,0,0,0.5,254,35,0,0,0.0,244,39,0,0,0.0,244,39,0.0,0.0,0,35,35,473,473,1.9,1.9,0.0,0.0,0.0,0.0,0.0,0.0,0.0,0.0,0.0,86,27,0.0,86,27,0.0,86,27,0.0,86,27,,,,1,,Ben,Wilson,Wilson,,,0,0,0,0,0,0,0,0,0,0,0,0,0,,,,0,0.0,0.0,0.0,0.0,0,0,0,110690,172,Ben,Wilson,Wilson,9,Goalkeeper,4.5,20260823T0423Z,mirror
175,a,,,4.0,572,172,0,0,0,0,13.8,30,10,1,1,1.0,112,39,0,-8,1.0,112,39,0.2,0.2,0,5541,5541,5151,5151,1.0,1.0,0.0,0.01,0.01,1.88,0.0,0.01,0.01,1.88,0.0,39,24,0.0,39,24,0.0,39,24,0.0,39,24,,,,1,,Milan,van Ewijk,van Ewijk,,,90,0,0,0,3,0,0,0,0,0,0,1,7,,,,0,0.0,3.0,1.0,7.0,1,6,3,451284,175,Milan,van Ewijk,van Ewijk,9,Defender,4.0,20260823T0423Z,mirror
173,a,,,4.0,574,174,0,0,0,0,8.1,52,21,3,3,3.0,53,24,0,11,3.0,53,24,0.8,0.8,0,6029,6029,1983,1983,1.0,1.0,0.02,0.01,0.03,1.88,0.02,0.01,0.03,1.88,0.0,41,26,0.0,41,26,0.0,41,26,0.0,41,26,,,,1,,Bobby,Thomas,Thomas,,,90,0,0,0,3,0,0,0,0,0,0,1,10,,,,0,0.0,3.0,1.0,10.0,1,9,2,461102,173,Bobby,Thomas,Thomas,9,Defender,4.0,20260823T0423Z,mirror
174,a,,,4.0,567,169,0,0,0,0,0.7,220,85,0,0,0.0,203,71,0,0,0.0,203,71,0.0,0.0,0,98,98,620,620,1.0,1.0,0.0,0.0,0.0,0.0,0.0,0.0,0.0,0.0,0.0,34,21,0.0,34,21,0.0,34,21,0.0,34,21,,,,1,,Liam,Kitching,Kitching,,,0,0,0,0,0,0,0,0,0,0,0,0,0,,,,0,0.0,0.0,0.0,0.0,0,0,0,436761,174,Liam,Kitching,Kitching,9,Defender,4.0,20260823T0423Z,mirror
176,a,,,4.0,552,157,0,0,0,0,0.9,205,76,1,1,1.0,110,37,0,-4,1.0,110,37,0.2,0.2,0,420,420,460,460,1.0,1.0,0.0,0.02,0.02,1.88,0.0,0.02,0.02,1.88,0.0,19,9,0.0,19,9,0.0,19,9,0.0,19,9,,,,1,,Jay,Dasilva,Dasilva,,,90,0,0,0,3,0,0,0,0,0,0,1,6,,,,0,0.0,3.0,1.0,6.0,0,6,1,173878,176,Jay,Dasilva,Dasilva,9,Defender,4.0,20260823T0423Z,mirror
177,a,,,4.0,576,175,0,0,0,0,0.1,462,160,0,0,0.0,208,73,0,0,0.0,208,73,0.0,0.0,0,27,27,78,78,1.0,1.0,0.0,0.0,0.0,0.0,0.0,0.0,0.0,0.0,0.0,43,27,0.0,43,27,0.0,43,27,0.0,43,27,,,,1,,Kaine,Kesler-Hayden,Kesler-Hayden,,,0,0,0,0,0,0,0,0,0,0,0,0,0,,,,0,0.0,0.0,0.0,0.0,0,0,0,465390,177,Kaine,Kesler-Hayden,Kesler-Hayden,9,Defender,4.0,20260823T0423Z,mirror
178,a,,,4.0,539,149,0,0,0,0,0.1,432,151,0,0,0.0,186,62,0,0,0.0,186,62,0.0,0.0,0,242,242,137,137,1.0,1.0,0.0,0.0,0.0,0.0,0.0,0.0,0.0,0.0,0.0,6,1,0.0,6,1,0.0,6,1,0.0,6,1,,,,1,,Jake,Bidwell,Bidwell,,,0,0,0,0,0,0,0,0,0,0,0,0,0,,,,0,0.0,0.0,0.0,0.0,0,0,0,80178,178,Jake,Bidwell,Bidwell,9,Defender,4.0,20260823T0423Z,mirror
179,a,,,4.0,556,161,0,0,0,0,0.0,492,170,0,0,0.0,196,67,0,0,0.0,196,67,0.0,0.0,0,33,33,61,61,1.0,1.0,0.0,0.0,0.0,0.0,0.0,0.0,0.0,0.0,0.0,23,13,0.0,23,13,0.0,23,13,0.0,23,13,,,,1,,Joel,Latibeaudiere,Latibeaudiere,,,0,0,0,0,0,0,0,0,0,0,0,0,0,,,,0,0.0,0.0,0.0,0.0,0,0,0,204813,179,Joel,Latibeaudiere,Latibeaudiere,9,Defender,4.0,20260823T0423Z,mirror
180,a,,,4.0,561,165,0,0,0,0,0.2,363,138,0,0,0.0,199,69,0,0,0.0,199,69,0.0,0.0,0,144,144,227,227,1.0,1.0,0.0,0.0,0.0,0.0,0.0,0.0,0.0,0.0,0.0,28,17,0.0,28,17,0.0,28,17,0.0,28,17,,,,1,,Luke,Woolfenden,Woolfenden,,,0,0,0,0,0,0,0,0,0,0,0,0,0,,,,0,0.0,0.0,0.0,0.0,0,0,0,220583,180,Luke,Woolfenden,Woolfenden,9,Defender,4.0,20260823T0423Z,mirror
181,a,,,4.0,593,189,0,0,0,0,0.0,495,171,0,0,0.0,223,85,0,0,0.0,223,85,0.0,0.0,0,33,33,45,45,1.0,1.0,0.0,0.0,0.0,0.0,0.0,0.0,0.0,0.0,0.0,60,41,0.0,60,41,0.0,60,41,0.0,60,41,,,,1,,Miguel,Brau,Brau,,,0,0,0,0,0,0,0,0,0,0,0,0,0,,,,0,0.0,0.0,0.0,0.0,0,0,0,577411,181,Miguel,Brau,Brau,9,Defender,4.0,20260823T0423Z,mirror
182,a,,,4.0,587,183,0,0,0,0,0.9,203,75,1,1,1.0,113,40,0,1,1.0,113,40,0.2,0.2,0,457,457,495,495,1.0,1.0,0.0,0.01,0.01,1.88,0.0,0.01,0.01,1.88,0.0,54,35,0.0,54,35,0.0,54,35,0.0,54,35,,,,1,,Aurèle,Amenda,Amenda,,,90,0,0,0,3,0,0,0,0,0,0,1,9,,,,0,0.0,3.0,1.0,9.0,0,9,4,539142,182,Aurèle,Amenda,Amenda,9,Defender,4.0,20260823T0423Z,mirror
183,a,100.0,100.0,5.0,323,188,0,0,0,0,0.1,385,145,1,1,1.0,139,58,0,3,1.0,139,58,0.2,0.2,0,124,124,186,186,1.5,1.5,0.15,0.0,0.15,0.29,0.68,0.0,0.68,1.3,0.0,306,78,0.0,306,78,0.0,306,78,0.0,306,78,3.0,1.0,,1,,Jack,Rudoni,Rudoni,,,20,0,0,0,0,0,0,0,0,0,0,0,5,,,,0,0.0,0.0,0.0,22.5,1,0,4,480457,183,Jack,Rudoni,Rudoni,9,Midfielder,5.0,20260823T0423Z,mirror
184,a,,,5.0,247,150,0,0,0,0,0.2,349,126,2,2,2.0,79,36,0,14,2.0,79,36,0.4,0.4,0,418,418,176,176,1.5,1.5,0.0,0.01,0.01,1.88,0.0,0.01,0.01,1.88,0.0,230,40,0.0,230,40,0.0,230,40,0.0,230,40,1.0,,3.0,1,,Matt,Grimes,Grimes,,,90,0,0,0,3,0,0,0,0,0,0,1,7,,,,0,0.0,3.0,1.0,7.0,0,4,3,168144,184,Matt,Grimes,Grimes,9,Midfielder,5.0,20260823T0423Z,mirror
185,a,,,5.0,346,200,0,0,0,0,0.1,411,161,0,0,0.0,434,160,0,0,0.0,434,160,0.0,0.0,0,34,34,201,201,1.5,1.5,0.0,0.0,0.0,0.0,0.0,0.0,0.0,0.0,0.0,329,90,0.0,329,90,0.0,329,90,0.0,329,90,,,,1,,Tatsuhiro,Sakamoto,Sakamoto,,,0,0,0,0,0,0,0,0,0,0,0,0,0,,,,0,0.0,0.0,0.0,0.0,0,0,0,501459,185,Tatsuhiro,Sakamoto,Sakamoto,9,Midfielder,5.0,20260823T0423Z,mirror
186,a,100.0,100.0,5.5,149,92,0,0,0,0,0.1,394,153,0,0,0.0,494,199,0,0,0.0,494,199,0.0,0.0,0,40,40,250,250,2.0,2.0,0.0,0.0,0.0,0.0,0.0,0.0,0.0,0.0,0.0,418,148,0.0,418,148,0.0,418,148,0.0,418,148,,,,1,,Ephron,Mason-Clark,Mason-Clark,,,0,0,0,0,0,0,0,0,0,0,0,0,0,,,,0,0.0,0.0,0.0,0.0,0,0,0,241293,186,Ephron,Mason-Clark,Mason-Clark,9,Midfielder,5.5,20260823T0423Z,mirror
187,a,,,5.0,302,179,0,0,0,0,0.0,553,229,0,0,0.0,396,142,0,0,0.0,396,142,0.0,0.0,0,14,14,36,36,1.5,1.5,0.0,0.0,0.0,0.0,0.0,0.0,0.0,0.0,0.0,285,69,0.0,285,69,0.0,285,69,0.0,285,69,,,,1,,Josh,Eccles,Eccles,,,0,0,0,0,0,0,0,0,0,0,0,0,0,,,,0,0.0,0.0,0.0,0.0,0,0,0,439668,187,Josh,Eccles,Eccles,9,Midfielder,5.0,20260823T0423Z,mirror
188,a,,,5.5,146,90,0,0,0,0,0.2,367,134,1,1,1.0,153,66,0,8,1.0,153,66,0.2,0.2,0,29,29,268,268,2.0,2.0,0.0,0.11,0.11,0.32,0.0,0.35,0.35,1.03,0.0,415,146,0.0,415,146,0.0,415,146,0.0,415,146,2.0,2.0,2.0,1,,Victor,Torp,Torp,,,28,0,0,0,0,0,0,0,0,0,0,0,1,,,,0,0.0,0.0,0.0,3.21,0,1,0,226965,188,Victor,Torp,Torp,9,Midfielder,5.5,20260823T0423Z,mirror
189,a,,,4.5,533,266,0,0,0,0,0.3,289,96,0,0,0.0,339,109,0,0,0.0,339,109,0.0,0.0,0,296,296,385,385,1.0,1.0,0.0,0.0,0.0,0.0,0.0,0.0,0.0,0.0,0.0,207,28,0.0,207,28,0.0,207,28,0.0,207,28,,,,1,,George,Shepherd,Shepherd,,,0,0,0,0,0,0,0,0,0,0,0,0,0,,,,0,0.0,0.0,0.0,0.0,0,0,0,684268,189,George,Shepherd,Shepherd,9,Midfielder,4.5,20260823T0423Z,mirror
190,a,,,5.5,180,109,0,0,0,0,0.2,383,144,2,2,2.0,94,46,0,11,2.0,94,46,0.4,0.4,0,204,204,160,160,2.0,2.0,0.04,0.02,0.06,1.76,0.04,0.02,0.06,1.96,0.0,449,165,0.0,449,165,0.0,449,165,0.0,449,165,,,,1,,Loum,Tchaouna,Tchaouna,,,81,0,0,0,3,0,0,0,0,0,0,1,8,,,,0,0.0,3.33,1.11,8.89,0,3,5,469272,190,Loum,Tchaouna,Tchaouna,9,Midfielder,5.5,20260823T0423Z,mirror
191,a,,,4.5,485,251,0,0,0,0,0.2,362,131,0,0,0.0,296,94,0,0,0.0,296,94,0.0,0.0,0,117,117,239,239,1.0,1.0,0.0,0.0,0.0,0.0,0.0,0.0,0.0,0.0,0.0,159,13,0.0,159,13,0.0,159,13,0.0,159,13,,,,1,,Raphael,Borges Rodrigues,Borges Rodrigues,,,0,0,0,0,0,0,0,0,0,0,0,0,0,,,,0,0.0,0.0,0.0,0.0,0,0,0,492498,191,Raphael,Borges Rodrigues,Borges Rodrigues,9,Midfielder,4.5,20260823T0423Z,mirror
192,a,,,4.5,529,263,0,0,0,0,0.7,221,70,0,0,0.0,335,106,0,0,0.0,335,106,0.0,0.0,0,546,546,831,831,1.0,1.0,0.0,0.0,0.0,0.0,0.0,0.0,0.0,0.0,0.0,203,25,0.0,203,25,0.0,203,25,0.0,203,25,,,,1,,Kaine,Andrews,Andrews,,,0,0,0,0,0,0,0,0,0,0,0,0,0,,,,0,0.0,0.0,0.0,0.0,0,0,0,629397,192,Kaine,Andrews,Andrews,9,Midfielder,4.5,20260823T0423Z,mirror
193,i,0.0,0.0,5.5,125,34,0,0,0,0,0.2,360,55,0,0,0.0,479,47,0,0,0.0,479,47,0.0,0.0,0,26,26,1228,1228,0.0,0.0,0.0,0.0,0.0,0.0,0.0,0.0,0.0,0.0,0.0,394,30,0.0,394,30,0.0,394,30,0.0,394,30,,,1.0,1,,Haji,Wright,Wright,Thigh injury - Unknown return date,,0,0,0,0,0,0,0,0,0,0,0,0,0,,,,0,0.0,0.0,0.0,0.0,0,0,0,176412,193,Haji,Wright,Wright,9,Forward,5.5,20260823T0423Z,mirror
194,a,,,5.0,284,52,0,0,0,0,0.8,214,35,2,2,2.0,84,6,0,9,2.0,84,6,0.4,0.4,0,1802,1802,739,739,1.4,1.4,0.0,0.02,0.02,1.6,0.0,0.03,0.03,2.09,0.0,267,16,0.0,267,16,0.0,267,16,0.0,267,16,,,4.0,1,,Brandon,Thomas-Asante,Thomas-Asante,,,69,0,0,0,3,0,0,0,0,0,0,1,6,,,,0,0.0,3.91,1.3,7.83,0,5,1,230730,194,Brandon,Thomas-Asante,Thomas-Asante,9,Forward,5.0,20260823T0423Z,mirror
195,a,,,5.0,273,50,0,0,0,0,0.9,199,31,2,2,2.0,83,5,0,7,2.0,83,5,0.4,0.4,0,2133,2133,752,752,1.4,1.4,0.0,0.01,0.01,1.6,0.0,0.01,0.01,2.09,0.0,256,14,0.0,256,14,0.0,256,14,0.0,256,14,,,,1,,Ellis,Simms,Simms,,,69,0,0,0,3,0,0,0,0,0,0,1,3,,,,0,0.0,3.91,1.3,3.91,0,1,2,218997,195,Ellis,Simms,Simms,9,Forward,5.0,20260823T0423Z,mirror
196,u,0.0,0.0,5.0,371,58,0,0,0,0,0.0,548,70,0,0,0.0,451,41,0,0,0.0,451,41,0.0,0.0,0,0,0,162,162,0.0,0.0,0.0,0.0,0.0,0.0,0.0,0.0,0.0,0.0,0.0,354,22,0.0,354,22,0.0,354,22,0.0,354,22,,,,1,,Jahnoah,Markelo,Markelo,Has joined Shabab Al-Ahli Dubai permanently,,0,0,0,0,0,0,0,0,0,0,0,0,0,,,,0,0.0,0.0,0.0,0.0,0,0,0,551262,196,Jahnoah,Markelo,Markelo,9,Forward,5.0,20260823T0423Z,mirror
197,u,0.0,0.0,4.5,501,65,0,0,0,0,0.0,486,66,0,0,0.0,311,28,0,0,0.0,311,28,0.0,0.0,0,0,0,194,194,0.0,0.0,0.0,0.0,0.0,0.0,0.0,0.0,0.0,0.0,0.0,175,5,0.0,175,5,0.0,175,5,0.0,175,5,,,,1,,Norman,Bassette,Bassette,Has joined KVC Westerlo on loan for the rest of the season,,0,0,0,0,0,0,0,0,0,0,0,0,0,,,,0,0.0,0.0,0.0,0.0,0,0,0,549653,197,Norman,Bassette,Bassette,9,Forward,4.5,20260823T0423Z,mirror
492,a,,,5.5,140,36,0,0,0,0,0.9,207,34,1,1,1.0,152,15,0,4,1.0,152,15,0.2,0.2,0,599,599,1152,1152,1.8,1.8,0.0,0.0,0.0,0.29,0.0,0.0,0.0,1.3,0.0,409,32,0.0,409,32,0.0,409,32,0.0,409,32,,,5.0,1,,Taiwo,Awoniyi,Awoniyi,,,20,0,0,0,0,0,0,0,0,0,0,0,1,,,,0,0.0,0.0,0.0,4.5,0,0,1,210156,492,Taiwo,Awoniyi,Awoniyi,9,Forward,5.5,20260823T0423Z,mirror
575,a,,,5.0,395,236,0,0,0,0,0.3,315,109,1,1,1.0,147,63,0,2,1.0,147,63,0.2,0.2,0,193,193,397,397,1.5,1.5,0.0,0.0,0.0,1.56,0.0,0.0,0.0,2.3,0.0,378,126,0.0,378,126,0.0,378,126,0.0,378,126,,,,1,,Caleb,Yirenkyi,Yirenkyi,,,61,0,0,0,3,0,0,0,1,0,0,1,3,,,,0,0.0,4.43,1.48,4.43,0,0,3,661888,575,Caleb,Yirenkyi,Yirenkyi,9,Midfielder,5.0,20260823T0423Z,mirror
584,a,,,5.5,129,80,0,0,0,0,0.2,381,143,1,1,1.0,149,64,0,3,1.0,149,64,0.2,0.2,0,65,65,236,236,2.0,2.0,0.0,0.0,0.0,0.13,0.0,0.0,0.0,1.46,0.0,398,136,0.0,398,136,0.0,398,136,0.0,398,136,,,,1,,Gustavo,Hamer,Hamer,,,8,0,0,0,0,0,0,0,0,0,0,0,1,,,,0,0.0,0.0,0.0,11.25,0,0,1,196100,584,Gustavo,Hamer,Hamer,9,Midfielder,5.5,20260823T0423Z,mirror
599,a,,,5.0,388,59,0,0,0,0,0.1,434,62,0,0,0.0,462,42,0,0,0.0,462,42,0.0,0.0,0,294,294,207,207,1.4,1.4,0.0,0.0,0.0,0.0,0.0,0.0,0.0,0.0,0.0,371,23,0.0,371,23,0.0,371,23,0.0,371,23,,,,1,,Sidiki,Cherif,Cherif,,,0,0,0,0,0,0,0,0,0,0,0,0,0,,,,0,0.0,0.0,0.0,0.0,0,0,0,627221,599,Sidiki,Cherif,Cherif,9,Forward,5.0,20260823T0423Z,mirror
42,a,,,5.5,188,115,0,0,0,0,0.0,499,209,1,1,1.0,159,69,0,3,1.0,159,69,0.2,0.2,0,81,81,96,96,2.0,2.0,0.03,0.02,0.05,0.14,0.1,0.07,0.17,0.47,0.0,457,171,0.0,457,171,0.0,457,171,0.0,457,171,,,,1,,Evann,Guessand,Guessand,,,27,0,0,0,0,0,0,0,0,0,0,0,1,,,,0,0.0,0.0,0.0,3.33,1,0,0,485337,42,Evann,Guessand,Guessand,31,Midfielder,5.5,20260823T0423Z,mirror
198,a,100.0,75.0,5.0,250,10,0,0,0,0,1.9,126,19,2,2,2.0,80,9,0,14,2.0,80,9,0.4,0.4,0,445,445,3358,3358,2.6,2.0,0.0,0.0,0.0,1.12,0.0,0.0,0.0,1.12,0.0,233,52,0.0,233,52,0.0,233,52,0.0,233,52,,,,1,,Dean,Henderson,Henderson,,,90,0,0,0,2,0,0,0,0,0,3,1,0,,,,3,0.0,2.0,1.0,0.0,0,3,13,172649,198,Dean,Henderson,Henderson,31,Goalkeeper,5.0,20260823T0423Z,mirror
199,a,,,4.5,413,29,0,0,0,0,0.1,401,43,0,0,0.0,245,40,0,0,0.0,245,40,0.0,0.0,0,129,129,147,147,1.9,1.9,0.0,0.0,0.0,0.0,0.0,0.0,0.0,0.0,0.0,87,28,0.0,87,28,0.0,87,28,0.0,87,28,,,,1,,Walter,Benítez,Benitez,,,0,0,0,0,0,0,0,0,0,0,0,0,0,,,,0,0.0,0.0,0.0,0.0,0,0,0,121709,199,Walter,Benítez,Benitez,31,Goalkeeper,4.5,20260823T0423Z,mirror
201,a,,,5.5,153,18,0,0,0,0,9.7,43,16,0,0,0.0,497,182,0,-4,0.0,497,182,0.0,0.0,0,5740,5740,10900,10900,2.5,2.5,0.23,0.01,0.24,0.84,0.38,0.02,0.4,1.4,0.0,422,173,0.0,422,173,0.0,422,173,0.0,422,173,,,,1,,Daniel,Muñoz Mejía,Muñoz,,,54,0,0,0,2,0,0,0,0,0,0,1,4,,,,0,0.0,3.33,1.67,6.67,1,3,1,247348,201,Daniel,Muñoz Mejía,Muñoz,31,Defender,5.5,20260823T0423Z,mirror
202,a,,,5.0,295,53,0,0,0,0,0.8,218,83,3,3,3.0,56,26,0,13,3.0,56,26,0.6,0.6,0,736,736,559,559,2.2,2.2,0.0,0.0,0.0,1.12,0.0,0.0,0.0,1.12,0.0,278,140,0.0,278,140,0.0,278,140,0.0,278,140,,,,1,,Chris,Richards,Richards,,,90,0,0,0,2,0,0,0,0,0,0,1,16,,,,0,0.0,2.0,1.0,16.0,2,14,1,427623,202,Chris,Richards,Richards,31,Defender,5.0,20260823T0423Z,mirror
203,a,,,5.0,392,78,0,0,0,0,0.3,286,105,1,1,1.0,146,60,0,9,1.0,146,60,0.2,0.2,0,204,204,344,344,2.2,2.2,0.05,0.01,0.06,1.12,0.05,0.01,0.06,1.12,0.0,375,165,0.0,375,165,0.0,375,165,0.0,375,165,,,,1,,Jaydee,Canvot,Canvot,,,90,0,0,0,2,0,0,0,0,0,0,1,8,,,,0,0.0,2.0,1.0,8.0,4,4,3,651426,203,Jaydee,Canvot,Canvot,31,Defender,5.0,20260823T0423Z,mirror
204,a,,,4.5,456,116,0,0,0,0,6.3,59,23,1,1,1.0,120,47,0,9,1.0,120,47,0.2,0.2,0,2157,2157,3887,3887,1.7,1.7,0.0,0.01,0.01,1.12,0.0,0.01,0.01,1.12,0.0,130,89,0.0,130,89,0.0,130,89,0.0,130,89,,,,1,,Tyrick,Mitchell,Mitchell,,,90,0,0,0,2,0,0,0,0,0,0,1,5,,,,0,0.0,2.0,1.0,5.0,2,3,4,244723,204,Tyrick,Mitchell,Mitchell,31,Defender,4.5,20260823T0423Z,mirror
205,a,,,4.5,436,100,0,0,0,0,0.0,516,174,0,0,0.0,264,109,0,0,0.0,264,109,0.0,0.0,0,41,41,41,41,1.7,1.7,0.0,0.0,0.0,0.0,0.0,0.0,0.0,0.0,0.0,110,73,0.0,110,73,0.0,110,73,0.0,110,73,,,,1,,Borna,Sosa,Sosa,,,0,0,0,0,0,0,0,0,0,0,0,0,0,,,,0,0.0,0.0,0.0,0.0,0,0,0,218364,205,Borna,Sosa,Sosa,31,Defender,4.5,20260823T0423Z,mirror
206,d,50.0,,4.5,494,135,0,0,0,0,0.1,452,159,1,1,1.0,127,52,0,7,1.0,127,52,0.2,0.2,0,223,223,358,358,0.9,1.7,0.0,0.01,0.01,0.98,0.0,0.01,0.01,1.22,0.0,168,108,0.0,168,108,0.0,168,108,0.0,168,108,,,,1,,Chadi,Riad Dnanou,Chadi Riad,Knee injury - 50% chance of playing,,72,0,0,0,2,0,0,0,0,0,0,1,7,,,,0,0.0,2.5,1.25,8.75,1,6,3,515621,206,Chadi,Riad Dnanou,Chadi Riad,31,Defender,4.5,20260823T0423Z,mirror
207,a,,,4.5,451,112,0,0,0,0,0.1,436,152,0,0,0.0,273,116,0,0,0.0,273,116,0.0,0.0,0,79,79,128,128,1.7,1.7,0.0,0.0,0.0,0.0,0.0,0.0,0.0,0.0,0.0,125,85,0.0,125,85,0.0,125,85,0.0,125,85,,,,1,,Oscar,Mingueza,Mingueza,,,0,0,0,0,0,0,0,0,0,0,0,0,0,,,,0,0.0,0.0,0.0,0.0,0,0,0,242313,207,Oscar,Mingueza,Mingueza,31,Defender,4.5,20260823T0423Z,mirror
208,d,75.0,,6.5,40,27,0,0,0,0,4.5,70,22,0,0,0.0,573,246,0,0,0.0,573,246,0.0,0.0,0,1600,1600,19736,19736,1.7,2.3,0.0,0.0,0.0,0.0,0.0,0.0,0.0,0.0,0.0,559,235,0.0,559,235,0.0,559,235,0.0,559,235,,,2.0,1,,Ismaïla,Sarr,Sarr,Groin injury - 75% chance of playing,,0,0,0,0,0,0,0,0,0,0,0,0,0,,,,0,0.0,0.0,0.0,0.0,0,0,0,232185,208,Ismaïla,Sarr,Sarr,31,Midfielder,6.5,20260823T0423Z,mirror
210,a,100.0,100.0,5.5,193,118,0,0,0,0,0.9,202,68,4,4,4.0,51,20,0,20,4.0,51,20,0.7,0.7,0,945,945,788,788,2.0,2.0,0.0,0.24,0.24,1.12,0.0,0.24,0.24,1.12,0.0,462,174,0.0,462,174,0.0,462,174,0.0,462,174,1.0,,,1,,Adam,Wharton,Wharton,,,90,0,0,0,2,0,0,0,0,0,0,1,14,,,,0,0.0,2.0,1.0,14.0,2,4,8,496221,210,Adam,Wharton,Wharton,31,Midfielder,5.5,20260823T0423Z,mirror
211,a,,,5.5,191,117,0,0,0,0,0.2,342,121,1,1,1.0,161,70,0,4,1.0,161,70,0.2,0.2,0,57,57,227,227,2.0,2.0,0.06,0.02,0.08,0.27,0.15,0.05,0.2,0.69,0.0,460,173,0.0,460,173,0.0,460,173,0.0,460,173,2.0,1.0,,1,,Yéremy,Pino Santos,Yeremy,,,35,0,0,0,0,0,0,0,0,0,0,0,5,,,,0,0.0,0.0,0.0,12.86,2,0,3,488024,211,Yéremy,Pino Santos,Yeremy,31,Midfielder,5.5,20260823T0423Z,mirror
212,a,,,4.5,409,240,0,0,0,0,12.0,33,11,0,0,0.0,241,85,0,0,0.0,241,85,0.0,0.0,0,5145,5145,7417,7417,1.0,1.0,0.0,0.0,0.0,0.0,0.0,0.0,0.0,0.0,0.0,83,2,0.0,83,2,0.0,83,2,0.0,83,2,3.0,,,1,,Will,Hughes,Hughes,,,0,0,0,0,0,0,0,0,0,0,0,0,0,,,,0,0.0,0.0,0.0,0.0,0,0,0,108413,212,Will,Hughes,Hughes,31,Midfielder,4.5,20260823T0423Z,mirror
213,a,,,5.0,242,145,0,0,0,0,0.1,405,158,0,0,0.0,354,116,0,0,0.0,354,116,0.0,0.0,0,69,69,137,137,1.5,1.5,0.0,0.0,0.0,0.0,0.0,0.0,0.0,0.0,0.0,225,35,0.0,225,35,0.0,225,35,0.0,225,35,,,,1,,Jefferson,Lerma Solís,Lerma,,,0,0,0,0,0,0,0,0,0,0,0,0,0,,,,0,0.0,0.0,0.0,0.0,0,0,0,152551,213,Jefferson,Lerma Solís,Lerma,31,Midfielder,5.0,20260823T0423Z,mirror
214,a,,,5.0,264,161,0,0,0,0,0.3,305,103,3,3,3.0,55,21,0,25,3.0,55,21,0.6,0.6,0,372,372,288,288,1.5,1.5,0.0,0.27,0.27,1.12,0.0,0.27,0.27,1.12,0.0,247,51,0.0,247,51,0.0,247,51,0.0,247,51,4.0,,,1,,Daichi,Kamada,Kamada,,,90,0,0,0,2,0,0,0,1,0,0,1,14,,,,0,0.0,2.0,1.0,14.0,3,3,8,209400,214,Daichi,Kamada,Kamada,31,Midfielder,5.0,20260823T0423Z,mirror
215,a,,,5.0,331,191,0,0,0,0,0.0,564,238,0,0,0.0,422,153,0,0,0.0,422,153,0.0,0.0,0,20,20,27,27,1.5,1.5,0.0,0.0,0.0,0.0,0.0,0.0,0.0,0.0,0.0,314,81,0.0,314,81,0.0,314,81,0.0,314,81,,2.0,3.0,1,,Justin,Devenny,Devenny,,,0,0,0,0,0,0,0,0,0,0,0,0,0,,,,0,0.0,0.0,0.0,0.0,0,0,0,489706,215,Justin,Devenny,Devenny,31,Midfielder,5.0,20260823T0423Z,mirror
216,a,,,5.0,381,227,0,0,0,0,0.0,490,203,0,0,0.0,457,177,0,0,0.0,457,177,0.0,0.0,0,74,74,77,77,1.5,1.5,0.0,0.0,0.0,0.0,0.0,0.0,0.0,0.0,0.0,364,117,0.0,364,117,0.0,364,117,0.0,364,117,,,,1,,Romain,Esse,Esse,,,0,0,0,0,0,0,0,0,0,0,0,0,0,,,,0,0.0,0.0,0.0,0.0,0,0,0,606921,216,Romain,Esse,Esse,31,Midfielder,5.0,20260823T0423Z,mirror
217,a,,,5.0,363,213,0,0,0,0,0.0,513,213,0,0,0.0,445,168,0,0,0.0,445,168,0.0,0.0,0,3,3,73,73,1.5,1.5,0.0,0.0,0.0,0.0,0.0,0.0,0.0,0.0,0.0,346,103,0.0,346,103,0.0,346,103,0.0,346,103,,,,1,,Matheus,França de Oliveira,M.França,,,0,0,0,0,0,0,0,0,0,0,0,0,0,,,,0,0.0,0.0,0.0,0.0,0,0,0,536694,217,Matheus,França de Oliveira,M.França,31,Midfielder,5.0,20260823T0423Z,mirror
218,a,,,5.0,301,178,0,0,0,0,0.1,456,186,0,0,0.0,395,141,0,0,0.0,395,141,0.0,0.0,0,74,74,103,103,1.5,1.5,0.0,0.0,0.0,0.0,0.0,0.0,0.0,0.0,0.0,284,68,0.0,284,68,0.0,284,68,0.0,284,68,,,,1,,Cheick,Doucouré,Doucouré,,,0,0,0,0,0,0,0,0,0,0,0,0,0,,,,0,0.0,0.0,0.0,0.0,0,0,0,438464,218,Cheick,Doucouré,Doucouré,31,Midfielder,5.0,20260823T0423Z,mirror
219,a,,,5.0,309,182,0,0,0,0,0.0,582,249,0,0,0.0,403,145,0,0,0.0,403,145,0.0,0.0,0,7,7,13,13,1.5,1.5,0.0,0.0,0.0,0.0,0.0,0.0,0.0,0.0,0.0,292,72,0.0,292,72,0.0,292,72,0.0,292,72,,,,1,,Jesurun,Rak-Sakyi,J.Rak-Sakyi,,,0,0,0,0,0,0,0,0,0,0,0,0,0,,,,0,0.0,0.0,0.0,0.0,0,0,0,450542,219,Jesurun,Rak-Sakyi,J.Rak-Sakyi,31,Midfielder,5.0,20260823T0423Z,mirror
220,u,0.0,0.0,4.5,517,144,0,0,0,0,0.0,596,198,0,0,0.0,325,140,0,0,0.0,325,140,0.0,0.0,0,0,0,10,10,0.0,0.0,0.0,0.0,0.0,0.0,0.0,0.0,0.0,0.0,0.0,191,117,0.0,191,117,0.0,191,117,0.0,191,117,,,,1,,Rio,Cardines,Cardines,Has joined Bristol City on loan for the rest of the season,,0,0,0,0,0,0,0,0,0,0,0,0,0,,,,0,0.0,0.0,0.0,0.0,0,0,0,590014,220,Rio,Cardines,Cardines,31,Defender,4.5,20260823T0423Z,mirror
221,a,,,4.5,532,265,0,0,0,0,0.1,433,173,0,0,0.0,338,108,0,0,0.0,338,108,0.0,0.0,0,124,124,118,118,1.0,1.0,0.0,0.0,0.0,0.0,0.0,0.0,0.0,0.0,0.0,206,27,0.0,206,27,0.0,206,27,0.0,206,27,,,,1,,Joél,Drakes-Thomas,Drakes-Thomas,,,0,0,0,0,0,0,0,0,0,0,0,0,0,,,,0,0.0,0.0,0.0,0.0,0,0,0,672492,221,Joél,Drakes-Thomas,Drakes-Thomas,31,Midfielder,4.5,20260823T0423Z,mirror
222,a,,,6.0,77,20,0,0,0,0,0.6,242,40,1,1,1.0,172,22,0,3,1.0,172,22,0.2,0.2,0,346,346,704,704,2.0,2.0,0.25,0.01,0.26,0.14,0.83,0.03,0.86,0.47,0.0,515,52,0.0,515,52,0.0,515,52,0.0,515,52,,,,1,,Jørgen,Strand Larsen,Strand Larsen,,,27,0,0,0,0,0,0,0,0,0,0,0,0,,,,0,0.0,0.0,0.0,0.0,0,0,0,247412,222,Jørgen,Strand Larsen,Strand Larsen,31,Forward,6.0,20260823T0423Z,mirror
223,a,,,6.5,39,11,0,0,0,0,5.7,63,11,2,2,2.0,102,10,0,-3,2.0,102,10,0.3,0.3,0,3984,3984,5369,5369,2.1,2.1,0.7,0.02,0.72,0.98,1.02,0.03,1.05,1.42,0.0,558,61,0.0,558,61,0.0,558,61,0.0,558,61,,,1.0,1,,Jean-Philippe,Mateta,Mateta,,,62,0,0,0,2,0,0,0,0,0,0,1,5,,,,0,0.0,2.9,1.45,7.26,2,1,2,231747,223,Jean-Philippe,Mateta,Mateta,31,Forward,6.5,20260823T0423Z,mirror
224,a,,,5.5,136,35,0,0,0,0,0.5,249,42,1,1,1.0,151,14,0,12,1.0,151,14,0.2,0.2,0,546,546,541,541,1.8,1.8,0.6,0.58,1.18,0.84,0.98,0.95,1.93,1.37,0.0,405,31,0.0,405,31,0.0,405,31,0.0,405,31,,,,1,,Eddie,Nketiah,Nketiah,,,55,0,0,0,2,0,0,0,0,0,0,1,3,,,,0,0.0,3.27,1.64,4.91,1,1,1,205533,224,Eddie,Nketiah,Nketiah,31,Forward,5.5,20260823T0423Z,mirror
225,u,0.0,0.0,5.0,394,60,0,0,0,0,0.0,604,72,0,0,0.0,467,43,0,0,0.0,467,43,0.0,0.0,0,0,0,0,0,0.0,0.0,0.0,0.0,0.0,0.0,0.0,0.0,0.0,0.0,0.0,377,24,0.0,377,24,0.0,377,24,0.0,377,24,,,,1,,Christantus,Uche,Uche,has returned to Getafe CF,,0,0,0,0,0,0,0,0,0,0,0,0,0,,,,0,0.0,0.0,0.0,0.0,0,0,0,660392,225,Christantus,Uche,Uche,31,Forward,5.0,20260823T0423Z,mirror
241,a,,,5.5,159,99,0,0,0,0,0.2,364,132,2,2,2.0,92,44,0,11,2.0,92,44,0.4,0.4,0,83,83,157,157,2.0,2.0,0.05,0.02,0.07,0.98,0.07,0.03,0.1,1.42,0.0,428,155,0.0,428,155,0.0,428,155,0.0,428,155,,,,1,,Dwight,McNeil,McNeil,,,62,0,0,0,2,0,0,0,0,0,0,1,5,,,,0,0.0,2.9,1.45,7.26,0,3,2,433154,241,Dwight,McNeil,McNeil,31,Midfielder,5.5,20260823T0423Z,mirror
555,a,,,4.0,551,57,0,0,0,0,1.8,130,20,0,0,0.0,193,22,0,0,0.0,193,22,0.0,0.0,0,863,863,630,630,1.0,1.0,0.0,0.0,0.0,0.0,0.0,0.0,0.0,0.0,0.0,18,10,0.0,18,10,0.0,18,10,0.0,18,10,,,,1,,Remi,Matthews,Matthews,,,0,0,0,0,0,0,0,0,0,0,0,0,0,,,,0,0.0,0.0,0.0,0.0,0,0,0,169593,555,Remi,Matthews,Matthews,31,Goalkeeper,4.0,20260823T0423Z,mirror
577,a,,,4.5,441,104,0,0,0,0,0.4,278,104,1,1,1.0,118,45,0,3,1.0,118,45,0.2,0.2,0,267,267,280,280,1.7,1.7,0.0,0.01,0.01,0.14,0.0,0.05,0.05,0.7,0.0,115,77,0.0,115,77,0.0,115,77,0.0,115,77,,,,1,,Takehiro,Tomiyasu,Tomiyasu,,,18,0,0,0,0,0,0,0,0,0,0,0,1,,,,0,0.0,0.0,0.0,5.0,0,1,1,223723,577,Takehiro,Tomiyasu,Tomiyasu,31,Defender,4.5,20260823T0423Z,mirror
588,a,,,5.0,375,74,0,0,0,0,0.1,419,149,1,1,1.0,144,59,0,12,1.0,144,59,0.2,0.2,0,114,114,96,96,2.2,2.2,0.0,0.16,0.16,0.27,0.0,0.41,0.41,0.69,0.0,358,161,0.0,358,161,0.0,358,161,0.0,358,161,,,,1,,Anan,Khalaili,Khalaili,,,35,0,0,0,0,0,0,0,0,0,0,0,9,,,,0,0.0,0.0,0.0,23.14,4,5,3,570794,588,Anan,Khalaili,Khalaili,31,Defender,5.0,20260823T0423Z,mirror
595,a,,,5.0,374,222,0,0,0,0,0.0,559,234,0,0,0.0,453,174,0,0,0.0,453,174,0.0,0.0,0,27,27,16,16,1.5,1.5,0.0,0.0,0.0,0.0,0.0,0.0,0.0,0.0,0.0,357,112,0.0,357,112,0.0,357,112,0.0,357,112,,,,1,,Zavier,Gozo,Gozo,,,0,0,0,0,0,0,0,0,0,0,0,0,0,,,,0,0.0,0.0,0.0,0.0,0,0,0,559152,595,Zavier,Gozo,Gozo,31,Midfielder,5.0,20260823T0423Z,mirror
21,i,0.0,0.0,5.0,238,143,0,0,0,0,0.1,413,162,0,0,0.0,351,114,0,0,0.0,351,114,0.0,0.0,0,24,24,561,561,0.0,0.0,0.0,0.0,0.0,0.0,0.0,0.0,0.0,0.0,0.0,221,33,0.0,221,33,0.0,221,33,0.0,221,33,,,,1,,Christian,Nørgaard,Nørgaard,Unspecified injury - Unknown return date,,0,0,0,0,0,0,0,0,0,0,0,0,0,,,,0,0.0,0.0,0.0,0.0,0,0,0,128295,21,Christian,Nørgaard,Nørgaard,11,Midfielder,5.0,20260823T0423Z,mirror
209,a,,,6.0,76,49,0,0,0,0,0.2,369,136,1,1,1.0,171,77,0,3,1.0,171,77,0.2,0.2,0,146,146,276,276,2.1,2.1,0.0,0.0,0.0,0.29,0.0,0.0,0.0,4.35,0.0,514,204,0.0,514,204,0.0,514,204,0.0,514,204,,,,1,,Brennan,Johnson,Johnson,,,6,0,0,0,0,0,0,0,0,0,0,0,2,,,,0,0.0,0.0,0.0,30.0,0,2,0,242898,209,Brennan,Johnson,Johnson,11,Midfielder,6.0,20260823T0423Z,mirror
226,a,,,5.5,116,2,0,0,0,0,8.1,53,7,7,7,7.0,25,4,0,34,7.0,25,4,1.3,1.3,0,5759,5759,2979,2979,3.3,3.3,0.0,0.02,0.02,1.96,0.0,0.02,0.02,1.96,0.0,385,64,0.0,385,64,0.0,385,64,0.0,385,64,,,,1,,Jordan,Pickford,Pickford,,,90,0,0,1,0,0,0,0,0,0,4,1,0,,,,4,1.0,0.0,1.0,0.0,0,0,12,111234,226,Jordan,Pickford,Pickford,11,Goalkeeper,5.5,20260823T0423Z,mirror
227,a,,,5.0,283,13,0,0,0,0,0.0,509,57,0,0,0.0,382,60,0,0,0.0,382,60,0.0,0.0,0,27,27,46,46,2.6,2.6,0.0,0.0,0.0,0.0,0.0,0.0,0.0,0.0,0.0,266,55,0.0,266,55,0.0,266,55,0.0,266,55,,,,1,,Mark,Travers,Travers,,,0,0,0,0,0,0,0,0,0,0,0,0,0,,,,0,0.0,0.0,0.0,0.0,0,0,0,229600,227,Mark,Travers,Travers,11,Goalkeeper,5.0,20260823T0423Z,mirror
228,a,,,4.5,416,31,0,0,0,0,0.0,496,53,0,0,0.0,247,42,0,0,0.0,247,42,0.0,0.0,0,51,51,60,60,1.9,1.9,0.0,0.0,0.0,0.0,0.0,0.0,0.0,0.0,0.0,90,30,0.0,90,30,0.0,90,30,0.0,90,30,,,,1,,Tom,King,King,,,0,0,0,0,0,0,0,0,0,0,0,0,0,,,,0,0.0,0.0,0.0,0.0,0,0,0,138001,228,Tom,King,King,11,Goalkeeper,4.5,20260823T0423Z,mirror
229,a,,,6.0,56,5,0,0,0,0,8.7,49,19,6,6,6.0,38,19,0,25,6.0,38,19,1.0,1.0,0,4982,4982,3353,3353,2.8,2.8,0.05,0.0,0.05,1.96,0.05,0.0,0.05,1.96,0.0,494,190,0.0,494,190,0.0,494,190,0.0,494,190,,,,1,,James,Tarkowski,Tarkowski,,,90,0,0,1,0,0,0,0,0,0,0,1,9,,,,0,1.0,0.0,1.0,9.0,1,8,4,17761,229,James,Tarkowski,Tarkowski,11,Defender,6.0,20260823T0423Z,mirror
230,a,,,5.5,185,27,0,0,0,0,1.7,140,58,6,6,6.0,36,17,0,27,6.0,36,17,1.1,1.1,0,2491,2491,922,922,2.5,2.5,0.0,0.01,0.01,1.96,0.0,0.01,0.01,1.96,0.0,454,182,0.0,454,182,0.0,454,182,0.0,454,182,,,,1,,Jarrad,Branthwaite,Branthwaite,,,90,0,0,1,0,0,0,0,0,0,0,1,8,,,,0,1.0,0.0,1.0,8.0,2,6,2,480455,230,Jarrad,Branthwaite,Branthwaite,11,Defender,5.5,20260823T0423Z,mirror
231,a,,,5.0,233,37,0,0,0,0,1.7,142,59,0,0,0.0,346,144,0,0,0.0,346,144,0.0,0.0,0,846,846,2447,2447,2.2,2.2,0.0,0.0,0.0,0.0,0.0,0.0,0.0,0.0,0.0,216,124,0.0,216,124,0.0,216,124,0.0,216,124,,,,1,,Michael,Keane,Keane,,,0,0,0,0,0,0,0,0,0,0,0,0,0,,,,0,0.0,0.0,0.0,0.0,0,0,0,106611,231,Michael,Keane,Keane,11,Defender,5.0,20260823T0423Z,mirror
232,a,,,5.0,351,71,0,0,0,0,0.5,252,94,0,0,0.0,437,172,0,0,0.0,437,172,0.0,0.0,0,339,339,731,731,2.2,2.2,0.0,0.0,0.0,0.0,0.0,0.0,0.0,0.0,0.0,334,158,0.0,334,158,0.0,334,158,0.0,334,158,,,,1,,Jake,O'Brien,O'Brien,,,0,0,0,0,0,0,0,0,0,0,0,0,0,,,,0,0.0,0.0,0.0,0.0,0,0,0,512462,232,Jake,O'Brien,O'Brien,11,Defender,5.0,20260823T0423Z,mirror
233,a,,,4.5,442,105,0,0,0,0,1.5,155,65,6,6,6.0,30,13,0,27,6.0,30,13,1.3,1.3,0,2863,2863,617,617,1.7,1.7,0.0,0.05,0.05,1.96,0.0,0.05,0.05,1.96,0.0,116,78,0.0,116,78,0.0,116,78,0.0,116,78,,,,1,,Vitalii,Mykolenko,Mykolenko,,,90,0,0,1,0,0,0,0,0,0,0,1,4,,,,0,1.0,0.0,1.0,4.0,0,4,4,224967,233,Vitalii,Mykolenko,Mykolenko,11,Defender,4.5,20260823T0423Z,mirror
234,a,,,4.5,455,115,0,0,0,0,0.0,510,173,0,0,0.0,276,119,0,0,0.0,276,119,0.0,0.0,0,57,57,51,51,1.7,1.7,0.0,0.0,0.0,0.0,0.0,0.0,0.0,0.0,0.0,129,88,0.0,129,88,0.0,129,88,0.0,129,88,,,,1,,Nathan,Patterson,Patterson,,,0,0,0,0,0,0,0,0,0,0,0,0,0,,,,0,0.0,0.0,0.0,0.0,0,0,0,243571,234,Nathan,Patterson,Patterson,11,Defender,4.5,20260823T0423Z,mirror
235,a,,,4.0,581,178,0,0,0,0,0.2,358,136,0,0,0.0,213,76,0,0,0.0,213,76,0.0,0.0,0,238,238,200,200,1.0,1.0,0.0,0.0,0.0,0.0,0.0,0.0,0.0,0.0,0.0,48,30,0.0,48,30,0.0,48,30,0.0,48,30,,,,1,,Adam,Aznou,Aznou,,,0,0,0,0,0,0,0,0,0,0,0,0,0,,,,0,0.0,0.0,0.0,0.0,0,0,0,499300,235,Adam,Aznou,Aznou,11,Defender,4.0,20260823T0423Z,mirror
236,a,,,6.5,37,25,0,0,0,0,3.4,95,32,11,11,11.0,8,4,3,40,11.0,8,4,1.7,1.7,0,14260,14260,1844,1844,2.3,2.3,0.12,0.17,0.29,1.92,0.12,0.17,0.29,1.92,0.0,556,233,0.0,556,233,0.0,556,233,0.0,556,233,2.0,,,1,,Kiernan,Dewsbury-Hall,Dewsbury-Hall,,,90,1,0,1,0,0,0,0,0,0,0,1,8,,,,0,1.0,0.0,1.0,8.0,2,1,5,215413,236,Kiernan,Dewsbury-Hall,Dewsbury-Hall,11,Midfielder,6.5,20260823T0423Z,mirror
237,a,,,6.0,81,52,0,0,0,0,15.9,27,8,9,9,9.0,18,8,1,36,9.0,18,8,1.5,1.5,0,14273,14273,4734,4734,2.1,2.1,0.24,0.32,0.56,1.96,0.24,0.32,0.56,1.96,0.0,519,207,0.0,519,207,0.0,519,207,0.0,519,207,,,1.0,1,,Iliman,Ndiaye,Ndiaye,,,90,0,1,1,0,0,0,0,0,0,0,1,12,,,,0,1.0,0.0,1.0,12.0,4,0,8,440993,237,Iliman,Ndiaye,Ndiaye,11,Midfielder,6.0,20260823T0423Z,mirror
239,a,100.0,25.0,6.0,75,48,0,0,0,0,0.1,399,155,1,1,1.0,170,76,0,6,1.0,170,76,0.2,0.2,0,143,143,339,339,2.1,0.5,0.0,0.03,0.03,0.34,0.0,0.25,0.25,2.78,0.0,513,203,0.0,513,203,0.0,513,203,0.0,513,203,1.0,1.0,3.0,1,,James,Garner,Garner,,,11,0,0,0,0,0,0,0,0,0,0,0,1,,,,0,0.0,0.0,0.0,8.18,1,0,0,232928,239,James,Garner,Garner,11,Midfielder,6.0,20260823T0423Z,mirror
240,i,0.0,0.0,5.0,333,193,0,0,0,0,0.0,560,235,0,0,0.0,424,155,0,0,0.0,424,155,0.0,0.0,0,3,3,66,66,0.0,0.0,0.0,0.0,0.0,0.0,0.0,0.0,0.0,0.0,0.0,316,83,0.0,316,83,0.0,316,83,0.0,316,83,,,,1,,Tim,Iroegbunam,Iroegbunam,Thigh injury - Unknown return date,,0,0,0,0,0,0,0,0,0,0,0,0,0,,,,0,0.0,0.0,0.0,0.0,0,0,0,490094,240,Tim,Iroegbunam,Iroegbunam,11,Midfielder,5.0,20260823T0423Z,mirror
242,a,,,5.5,209,131,0,0,0,0,0.3,304,102,3,3,3.0,65,30,0,13,3.0,65,30,0.5,0.5,0,315,315,236,236,2.0,2.0,0.18,0.08,0.26,1.67,0.2,0.09,0.29,1.81,0.0,478,187,0.0,478,187,0.0,478,187,0.0,478,187,,,,1,,Tyrique,George,George,,,83,0,0,1,0,0,0,0,0,0,0,1,7,,,,0,1.08,0.0,1.08,7.59,0,3,4,550615,242,Tyrique,George,George,11,Midfielder,5.5,20260823T0423Z,mirror
243,a,,,5.0,347,201,0,0,0,0,0.1,423,167,1,1,1.0,141,59,0,7,1.0,141,59,0.2,0.2,0,238,238,156,156,1.5,1.5,0.02,0.0,0.02,0.04,1.8,0.0,1.8,3.6,0.0,330,91,0.0,330,91,0.0,330,91,0.0,330,91,,,,1,,Carlos,Alcaraz Durán,Alcaraz,,,1,0,0,0,0,0,0,0,0,0,0,0,3,,,,0,0.0,0.0,0.0,270.0,1,0,2,502697,243,Carlos,Alcaraz Durán,Alcaraz,11,Midfielder,5.0,20260823T0423Z,mirror
244,a,,,5.0,383,229,0,0,0,0,0.1,430,171,8,8,8.0,22,10,0,25,8.0,22,10,1.6,1.6,0,881,881,114,114,1.5,1.5,0.0,0.04,0.04,1.96,0.0,0.04,0.04,1.96,0.0,366,119,0.0,366,119,0.0,366,119,0.0,366,119,,,,1,,Harrison,Armstrong,Armstrong,,,90,0,1,1,0,0,0,0,0,0,0,1,16,,,,0,1.0,0.0,1.0,16.0,2,3,11,609873,244,Harrison,Armstrong,Armstrong,11,Midfielder,5.0,20260823T0423Z,mirror
245,a,,,5.5,194,119,0,0,0,0,0.0,498,208,0,0,0.0,516,210,0,0,0.0,516,210,0.0,0.0,0,34,34,86,86,2.0,2.0,0.0,0.0,0.0,0.0,0.0,0.0,0.0,0.0,0.0,463,175,0.0,463,175,0.0,463,175,0.0,463,175,,,,1,,Tyler,Dibling,Dibling,,,0,0,0,0,0,0,0,0,0,0,0,0,0,,,,0,0.0,0.0,0.0,0.0,0,0,0,496661,245,Tyler,Dibling,Dibling,11,Midfielder,5.5,20260823T0423Z,mirror
246,a,,,5.0,352,203,0,0,0,0,0.1,470,191,3,3,3.0,57,22,0,12,3.0,57,22,0.6,0.6,0,87,87,56,56,1.5,1.5,0.0,0.06,0.06,1.96,0.0,0.06,0.06,1.96,0.0,335,93,0.0,335,93,0.0,335,93,0.0,335,93,,,,1,,Merlin,Röhl,Röhl,,,90,0,0,1,0,0,0,0,0,0,0,1,9,,,,0,1.0,0.0,1.0,9.0,2,2,5,513466,246,Merlin,Röhl,Röhl,11,Midfielder,5.0,20260823T0423Z,mirror
247,a,,,5.5,152,94,0,0,0,0,0.3,307,105,3,3,3.0,60,25,0,16,3.0,60,25,0.5,0.5,0,169,169,259,259,2.0,2.0,0.01,0.01,0.02,1.62,0.01,0.01,0.02,1.87,0.0,421,150,0.0,421,150,0.0,421,150,0.0,421,150,,,,1,,Hayden,Hackney,Hackney,,,78,0,0,1,0,0,0,0,0,0,0,1,7,,,,0,1.15,0.0,1.15,8.08,2,1,4,244860,247,Hayden,Hackney,Hackney,11,Midfielder,5.5,20260823T0423Z,mirror
248,a,,,5.5,189,43,0,0,0,0,2.7,110,14,1,1,1.0,160,18,0,3,1.0,160,18,0.2,0.2,0,1702,1702,4216,4216,1.8,1.8,0.05,0.0,0.05,0.34,0.41,0.0,0.41,2.78,0.0,458,39,0.0,458,39,0.0,458,39,0.0,458,39,,,4.0,1,,Norberto Bercique,Gomes Betuncal,Beto,,,11,0,0,0,0,0,0,0,0,0,0,0,0,,,,0,0.0,0.0,0.0,0.0,0,0,0,486385,248,Norberto Bercique,Gomes Betuncal,Beto,11,Forward,5.5,20260823T0423Z,mirror
249,a,,,5.5,218,45,0,0,0,0,1.4,162,23,8,8,8.0,23,2,2,37,8.0,23,2,1.5,1.5,0,7250,7250,1004,1004,1.8,1.8,0.45,0.09,0.54,1.62,0.52,0.1,0.62,1.87,0.0,487,41,0.0,487,41,0.0,487,41,0.0,487,41,,,2.0,1,,Thierno,Barry,Barry,,,78,1,0,1,0,0,0,0,0,0,0,1,3,,,,0,1.15,0.0,1.15,3.46,1,0,2,586309,249,Thierno,Barry,Barry,11,Forward,5.5,20260823T0423Z,mirror
250,a,,,4.5,401,24,0,0,0,0,3.1,103,16,0,0,0.0,236,35,0,0,0.0,236,35,0.0,0.0,0,1203,1203,905,905,1.9,1.9,0.0,0.0,0.0,0.0,0.0,0.0,0.0,0.0,0.0,75,23,0.0,75,23,0.0,75,23,0.0,75,23,,,,1,,Bernd,Leno,Leno,,,0,0,0,0,0,0,0,0,0,0,0,0,0,,,,0,0.0,0.0,0.0,0.0,0,0,0,80201,250,Bernd,Leno,Leno,54,Goalkeeper,4.5,20260823T0423Z,mirror
251,a,,,4.0,540,53,0,0,0,0,1.2,173,25,0,0,0.0,187,18,0,0,0.0,187,18,0.0,0.0,0,200,200,344,344,1.0,1.0,0.0,0.0,0.0,0.0,0.0,0.0,0.0,0.0,0.0,7,6,0.0,7,6,0.0,7,6,0.0,7,6,,,,1,,Benjamin,Lecomte,Lecomte,,,0,0,0,0,0,0,0,0,0,0,0,0,0,,,,0,0.0,0.0,0.0,0.0,0,0,0,86873,251,Benjamin,Lecomte,Lecomte,54,Goalkeeper,4.0,20260823T0423Z,mirror
252,a,,,4.0,584,66,0,0,0,0,0.2,379,41,0,0,0.0,216,31,0,0,0.0,216,31,0.0,0.0,0,118,118,55,55,1.0,1.0,0.0,0.0,0.0,0.0,0.0,0.0,0.0,0.0,0.0,51,19,0.0,51,19,0.0,51,19,0.0,51,19,,,,1,,Alfie,McNally,McNally,,,0,0,0,0,0,0,0,0,0,0,0,0,0,,,,0,0.0,0.0,0.0,0.0,0,0,0,505079,252,Alfie,McNally,McNally,54,Goalkeeper,4.0,20260823T0423Z,mirror
253,s,0.0,0.0,5.0,251,41,0,0,0,0,0.0,503,172,0,0,0.0,361,148,0,0,0.0,361,148,0.0,0.0,0,23,23,78,78,0.0,0.0,0.0,0.0,0.0,0.0,0.0,0.0,0.0,0.0,0.0,234,128,0.0,234,128,0.0,234,128,0.0,234,128,,,,1,,Joachim,Andersen,Andersen,Suspended until 30 Aug,,0,0,0,0,0,0,0,0,0,0,0,0,0,,,,0,0.0,0.0,0.0,0.0,0,0,0,174874,253,Joachim,Andersen,Andersen,54,Defender,5.0,20260823T0423Z,mirror
254,a,,,4.5,422,90,0,0,0,0,1.7,138,56,0,0,0.0,252,101,0,0,0.0,252,101,0.0,0.0,0,1835,1835,658,658,1.7,1.7,0.0,0.0,0.0,0.0,0.0,0.0,0.0,0.0,0.0,96,63,0.0,96,63,0.0,96,63,0.0,96,63,,,2.0,1,,Antonee,Robinson,Robinson,,,0,0,0,0,0,0,0,0,0,0,0,0,0,,,,0,0.0,0.0,0.0,0.0,0,0,0,169528,254,Antonee,Robinson,Robinson,54,Defender,4.5,20260823T0423Z,mirror
255,a,,,4.5,458,118,0,0,0,0,0.0,539,185,0,0,0.0,278,121,0,0,0.0,278,121,0.0,0.0,0,27,27,13,13,1.7,1.7,0.0,0.0,0.0,0.0,0.0,0.0,0.0,0.0,0.0,132,91,0.0,132,91,0.0,132,91,0.0,132,91,,,,1,,Jorge,Cuenca Barreno,J.Cuenca,,,0,0,0,0,0,0,0,0,0,0,0,0,0,,,,0,0.0,0.0,0.0,0.0,0,0,0,246301,255,Jorge,Cuenca Barreno,J.Cuenca,54,Defender,4.5,20260823T0423Z,mirror
256,a,,,4.5,421,89,0,0,0,0,0.3,303,114,0,0,0.0,251,100,0,0,0.0,251,100,0.0,0.0,0,85,85,123,123,1.7,1.7,0.0,0.0,0.0,0.0,0.0,0.0,0.0,0.0,0.0,95,62,0.0,95,62,0.0,95,62,0.0,95,62,,,,1,,Kenny,Tete,Tete,,,0,0,0,0,0,0,0,0,0,0,0,0,0,,,,0,0.0,0.0,0.0,0.0,0,0,0,167074,256,Kenny,Tete,Tete,54,Defender,4.5,20260823T0423Z,mirror
257,a,,,4.5,449,111,0,0,0,0,0.8,217,82,0,0,0.0,272,115,0,0,0.0,272,115,0.0,0.0,0,1084,1084,423,423,1.7,1.7,0.0,0.0,0.0,0.0,0.0,0.0,0.0,0.0,0.0,123,84,0.0,123,84,0.0,123,84,0.0,123,84,,,,1,,Calvin,Bassey,Bassey,,,0,0,0,0,0,0,0,0,0,0,0,0,0,,,,0,0.0,0.0,0.0,0.0,0,0,0,232892,257,Calvin,Bassey,Bassey,54,Defender,4.5,20260823T0423Z,mirror
258,a,,,4.5,420,88,0,0,0,0,0.3,295,109,0,0,0.0,250,99,0,0,0.0,250,99,0.0,0.0,0,180,180,130,130,1.7,1.7,0.0,0.0,0.0,0.0,0.0,0.0,0.0,0.0,0.0,94,61,0.0,94,61,0.0,94,61,0.0,94,61,,,,1,,Timothy,Castagne,Castagne,,,0,0,0,0,0,0,0,0,0,0,0,0,0,,,,0,0.0,0.0,0.0,0.0,0,0,0,166477,258,Timothy,Castagne,Castagne,54,Defender,4.5,20260823T0423Z,mirror
261,a,,,5.5,119,77,0,0,0,0,1.0,191,64,0,0,0.0,474,189,0,0,0.0,474,189,0.0,0.0,0,620,620,618,618,2.0,2.0,0.0,0.0,0.0,0.0,0.0,0.0,0.0,0.0,0.0,388,133,0.0,388,133,0.0,388,133,0.0,388,133,1.0,1.0,3.0,1,,Alex,Iwobi,Iwobi,,,0,0,0,0,0,0,0,0,0,0,0,0,0,,,,0,0.0,0.0,0.0,0.0,0,0,0,153133,261,Alex,Iwobi,Iwobi,54,Midfielder,5.5,20260823T0423Z,mirror
262,a,,,5.5,139,86,0,0,0,0,0.4,272,89,0,0,0.0,487,194,0,0,0.0,487,194,0.0,0.0,0,262,262,253,253,2.0,2.0,0.0,0.0,0.0,0.0,0.0,0.0,0.0,0.0,0.0,408,142,0.0,408,142,0.0,408,142,0.0,408,142,,,,1,,Emile,Smith Rowe,Smith Rowe,,,0,0,0,0,0,0,0,0,0,0,0,0,0,,,,0,0.0,0.0,0.0,0.0,0,0,0,209289,262,Emile,Smith Rowe,Smith Rowe,54,Midfielder,5.5,20260823T0423Z,mirror
263,a,,,5.5,211,133,0,0,0,0,0.1,471,192,0,0,0.0,524,217,0,0,0.0,524,217,0.0,0.0,0,51,51,50,50,2.0,2.0,0.0,0.0,0.0,0.0,0.0,0.0,0.0,0.0,0.0,480,189,0.0,480,189,0.0,480,189,0.0,480,189,3.0,,,1,,Kevin,Santos Lopes de Macedo,Kevin,,,0,0,0,0,0,0,0,0,0,0,0,0,0,,,,0,0.0,0.0,0.0,0.0,0,0,0,560552,263,Kevin,Santos Lopes de Macedo,Kevin,54,Midfielder,5.5,20260823T0423Z,mirror
264,a,,,5.5,184,112,0,0,0,0,0.3,296,99,0,0,0.0,512,207,0,0,0.0,512,207,0.0,0.0,0,249,249,240,240,2.0,2.0,0.0,0.0,0.0,0.0,0.0,0.0,0.0,0.0,0.0,453,168,0.0,453,168,0.0,453,168,0.0,453,168,2.0,,,1,,Oscar,Bobb,Bobb,,,0,0,0,0,0,0,0,0,0,0,0,0,0,,,,0,0.0,0.0,0.0,0.0,0,0,0,477555,264,Oscar,Bobb,Bobb,54,Midfielder,5.5,20260823T0423Z,mirror
265,a,,,5.0,261,159,0,0,0,0,0.4,268,87,0,0,0.0,366,126,0,0,0.0,366,126,0.0,0.0,0,258,258,281,281,1.5,1.5,0.0,0.0,0.0,0.0,0.0,0.0,0.0,0.0,0.0,244,49,0.0,244,49,0.0,244,49,0.0,244,49,,,,1,,Sander,Berge,Berge,,,0,0,0,0,0,0,0,0,0,0,0,0,0,,,,0,0.0,0.0,0.0,0.0,0,0,0,207189,265,Sander,Berge,Berge,54,Midfielder,5.0,20260823T0423Z,mirror
266,i,0.0,0.0,5.0,226,140,0,0,0,0,0.0,589,254,0,0,0.0,341,111,0,0,0.0,341,111,0.0,0.0,0,2,2,20,20,0.0,0.0,0.0,0.0,0.0,0.0,0.0,0.0,0.0,0.0,0.0,209,30,0.0,209,30,0.0,209,30,0.0,209,30,,,,1,,Tom,Cairney,Cairney,Knee injury - Expected back 10 Oct,,0,0,0,0,0,0,0,0,0,0,0,0,0,,,,0,0.0,0.0,0.0,0.0,0,0,0,76357,266,Tom,Cairney,Cairney,54,Midfielder,5.0,20260823T0423Z,mirror
268,a,,,5.5,216,136,0,0,0,0,0.2,373,139,0,0,0.0,527,219,0,0,0.0,527,219,0.0,0.0,0,33,33,115,115,2.0,2.0,0.0,0.0,0.0,0.0,0.0,0.0,0.0,0.0,0.0,485,192,0.0,485,192,0.0,485,192,0.0,485,192,,,,1,,Josh,King,King,,,0,0,0,0,0,0,0,0,0,0,0,0,0,,,,0,0.0,0.0,0.0,0.0,0,0,0,577725,268,Josh,King,King,54,Midfielder,5.5,20260823T0423Z,mirror
269,a,,,4.5,426,92,0,0,0,0,0.5,263,99,0,0,0.0,256,103,0,0,0.0,256,103,0.0,0.0,0,187,187,151,151,1.7,1.7,0.0,0.0,0.0,0.0,0.0,0.0,0.0,0.0,0.0,100,65,0.0,100,65,0.0,100,65,0.0,100,65,,,,1,,Ryan,Sessegnon,Sessegnon,,,0,0,0,0,0,0,0,0,0,0,0,0,0,,,,0,0.0,0.0,0.0,0.0,0,0,0,184349,269,Ryan,Sessegnon,Sessegnon,54,Defender,4.5,20260823T0423Z,mirror
270,a,,,4.5,418,241,0,0,0,0,1.6,149,44,0,0,0.0,249,86,0,0,0.0,249,86,0.0,0.0,0,1676,1676,1172,1172,1.0,1.0,0.0,0.0,0.0,0.0,0.0,0.0,0.0,0.0,0.0,92,3,0.0,92,3,0.0,92,3,0.0,92,3,,,,1,,Harrison,Reed,Reed,,,0,0,0,0,0,0,0,0,0,0,0,0,0,,,,0,0.0,0.0,0.0,0.0,0,0,0,153366,270,Harrison,Reed,Reed,54,Midfielder,4.5,20260823T0423Z,mirror
271,a,,,5.5,151,37,0,0,0,0,0.6,240,39,0,0,0.0,496,48,0,0,0.0,496,48,0.0,0.0,0,413,413,452,452,1.8,1.8,0.0,0.0,0.0,0.0,0.0,0.0,0.0,0.0,0.0,420,33,0.0,420,33,0.0,420,33,0.0,420,33,,,,1,,Rodrigo,Muniz Carvalho,Muniz,,,0,0,0,0,0,0,0,0,0,0,0,0,0,,,,0,0.0,0.0,0.0,0.0,0,0,0,244042,271,Rodrigo,Muniz Carvalho,Muniz,54,Forward,5.5,20260823T0423Z,mirror
272,a,,,4.5,530,72,0,0,0,0,7.4,56,9,0,0,0.0,336,34,0,0,0.0,336,34,0.0,0.0,0,4176,4176,2826,2826,1.0,1.0,0.0,0.0,0.0,0.0,0.0,0.0,0.0,0.0,0.0,204,12,0.0,204,12,0.0,204,12,0.0,204,12,,,,1,,Jonah,Kusi-Asare,Kusi-Asare,,,0,0,0,0,0,0,0,0,0,0,0,0,0,,,,0,0.0,0.0,0.0,0.0,0,0,0,631786,272,Jonah,Kusi-Asare,Kusi-Asare,54,Forward,4.5,20260823T0423Z,mirror
569,a,,,6.0,105,27,0,0,0,0,2.1,120,17,0,0,0.0,562,62,0,0,0.0,562,62,0.0,0.0,0,2411,2411,1091,1091,2.0,2.0,0.0,0.0,0.0,0.0,0.0,0.0,0.0,0.0,0.0,543,59,0.0,543,59,0.0,543,59,0.0,543,59,,,1.0,1,,Gonzalo,García,Gonzalo,,,0,0,0,0,0,0,0,0,0,0,0,0,0,,,,0,0.0,0.0,0.0,0.0,0,0,0,551466,569,Gonzalo,García,Gonzalo,54,Forward,6.0,20260823T0423Z,mirror
570,a,,,5.5,214,135,0,0,0,0,0.2,340,119,0,0,0.0,526,218,0,0,0.0,526,218,0.0,0.0,0,81,81,132,132,2.0,2.0,0.0,0.0,0.0,0.0,0.0,0.0,0.0,0.0,0.0,483,191,0.0,483,191,0.0,483,191,0.0,483,191,,,,1,,César,Palacios,Palacios,,,0,0,0,0,0,0,0,0,0,0,0,0,0,,,,0,0.0,0.0,0.0,0.0,0,0,0,571779,570,César,Palacios,Palacios,54,Midfielder,5.5,20260823T0423Z,mirror
580,a,,,5.0,315,185,0,0,0,0,0.1,431,172,0,0,0.0,409,148,0,0,0.0,409,148,0.0,0.0,0,75,75,74,74,1.5,1.5,0.0,0.0,0.0,0.0,0.0,0.0,0.0,0.0,0.0,298,75,0.0,298,75,0.0,298,75,0.0,298,75,,,,1,,Shea,Charles,Charles,,,0,0,0,0,0,0,0,0,0,0,0,0,0,,,,0,0.0,0.0,0.0,0.0,0,0,0,463210,580,Shea,Charles,Charles,54,Midfielder,5.0,20260823T0423Z,mirror
273,a,,,4.0,549,56,0,0,0,0,1.6,151,23,0,0,0.0,192,21,0,0,0.0,192,21,0.0,0.0,0,454,454,697,697,1.0,1.0,0.0,0.0,0.0,0.0,0.0,0.0,0.0,0.0,0.0,16,9,0.0,16,9,0.0,16,9,0.0,16,9,,,,1,,Dillon,Phillips,Phillips,,,0,0,0,0,0,0,0,0,0,0,0,0,0,,,,0,0.0,0.0,0.0,0.0,0,0,0,167825,273,Dillon,Phillips,Phillips,88,Goalkeeper,4.0,20260823T0423Z,mirror
274,i,0.0,0.0,4.5,407,26,0,0,0,0,0.1,409,44,0,0,0.0,240,37,0,0,0.0,240,37,0.0,0.0,0,31,31,384,384,0.0,0.0,0.0,0.0,0.0,0.0,0.0,0.0,0.0,0.0,0.0,81,25,0.0,81,25,0.0,81,25,0.0,81,25,,,,1,,Jack,Butland,Butland,Arm injury - Unknown return date,,0,0,0,0,0,0,0,0,0,0,0,0,0,,,,0,0.0,0.0,0.0,0.0,0,0,0,105666,274,Jack,Butland,Butland,88,Goalkeeper,4.5,20260823T0423Z,mirror
275,u,0.0,0.0,4.0,580,65,0,0,0,0,0.0,573,67,0,0,0.0,212,30,0,0,0.0,212,30,0.0,0.0,0,0,0,20,20,0.0,0.0,0.0,0.0,0.0,0.0,0.0,0.0,0.0,0.0,0.0,47,18,0.0,47,18,0.0,47,18,0.0,47,18,,,,1,,Harvey,Cartwright,Cartwright,Has joined Grimsby Town on loan for the rest of the season,,0,0,0,0,0,0,0,0,0,0,0,0,0,,,,0,0.0,0.0,0.0,0.0,0,0,0,494950,275,Harvey,Cartwright,Cartwright,88,Goalkeeper,4.0,20260823T0423Z,mirror
276,u,0.0,0.0,4.0,569,62,0,0,0,0,0.0,505,55,0,0,0.0,205,27,0,0,0.0,205,27,0.0,0.0,0,0,0,103,103,0.0,0.0,0.0,0.0,0.0,0.0,0.0,0.0,0.0,0.0,0.0,36,15,0.0,36,15,0.0,36,15,0.0,36,15,,,,1,,Thimothée,Lo-Tutala,Lo-Tutala,Has joined Colchester United on loan for the rest of the season,,0,0,0,0,0,0,0,0,0,0,0,0,0,,,,0,0.0,0.0,0.0,0.0,0,0,0,444307,276,Thimothée,Lo-Tutala,Lo-Tutala,88,Goalkeeper,4.0,20260823T0423Z,mirror
277,a,,,4.0,542,151,0,0,0,0,1.6,150,63,8,8,8.0,20,8,0,27,8.0,20,8,2.0,2.0,0,3760,3760,648,648,1.0,1.0,0.0,0.0,0.0,1.81,0.0,0.0,0.0,1.81,0.0,9,3,0.0,9,3,0.0,9,3,0.0,9,3,,,,1,,John,Egan,Egan,,,90,0,0,1,0,0,0,0,0,0,0,1,21,,,,0,1.0,0.0,1.0,21.0,1,20,3,108416,277,John,Egan,Egan,88,Defender,4.0,20260823T0423Z,mirror
278,i,0.0,0.0,4.0,583,180,0,0,0,0,0.1,395,141,0,0,0.0,215,78,0,0,0.0,215,78,0.0,0.0,0,21,21,469,469,0.0,0.0,0.0,0.0,0.0,0.0,0.0,0.0,0.0,0.0,0.0,50,32,0.0,50,32,0.0,50,32,0.0,50,32,,,,1,,Charlie,Hughes,Hughes,Groin injury - Unknown return date,,0,0,0,0,0,0,0,0,0,0,0,0,0,,,,0,0.0,0.0,0.0,0.0,0,0,0,501902,278,Charlie,Hughes,Hughes,88,Defender,4.0,20260823T0423Z,mirror
279,d,75.0,,4.0,545,153,0,0,0,0,1.2,178,70,14,14,14.0,2,2,2,39,14.0,2,2,3.5,3.5,0,12309,12309,1231,1231,0.8,1.0,0.81,0.0,0.81,0.84,1.16,0.0,1.16,1.2,0.0,12,5,0.0,12,5,0.0,12,5,0.0,12,5,,,,1,,Semi,Ajayi,Ajayi,Hamstring injury - 75% chance of playing,,63,1,0,1,0,0,0,0,0,0,0,1,7,,,,0,1.43,0.0,1.43,10.0,0,7,3,146426,279,Semi,Ajayi,Ajayi,88,Defender,4.0,20260823T0423Z,mirror
280,d,75.0,,4.0,555,160,0,0,0,0,0.7,224,86,6,6,6.0,27,10,0,23,6.0,27,10,1.5,1.5,0,488,488,467,467,0.8,1.0,0.0,0.01,0.01,1.14,0.0,0.01,0.01,1.49,0.0,22,12,0.0,22,12,0.0,22,12,0.0,22,12,,,,1,,Lewie,Coyle,Coyle,Ankle injury - 75% chance of playing,,69,0,0,1,0,0,0,0,0,0,0,1,2,,,,0,1.3,0.0,1.3,2.61,1,1,3,193278,280,Lewie,Coyle,Coyle,88,Defender,4.0,20260823T0423Z,mirror
281,a,100.0,100.0,4.0,566,168,0,0,0,0,0.0,517,175,1,1,1.0,111,38,0,4,1.0,111,38,0.2,0.2,0,81,81,33,33,1.0,1.0,0.06,0.0,0.06,0.67,0.27,0.0,0.27,3.02,0.0,33,20,0.0,33,20,0.0,33,20,0.0,33,20,,,,1,,Cody,Drameh,Drameh,,,20,0,0,0,0,0,0,0,0,0,0,0,3,,,,0,0.0,0.0,0.0,13.5,1,2,2,433590,281,Cody,Drameh,Drameh,88,Defender,4.0,20260823T0423Z,mirror
282,a,,,4.0,563,167,0,0,0,0,0.8,211,80,6,6,6.0,28,11,0,24,6.0,28,11,1.5,1.5,0,1451,1451,324,324,1.0,1.0,0.02,0.07,0.09,1.74,0.02,0.08,0.1,1.86,0.0,30,19,0.0,30,19,0.0,30,19,0.0,30,19,1.0,1.0,,1,,Ryan,Giles,Giles,,,84,0,0,1,0,0,0,0,0,0,0,1,6,,,,0,1.07,0.0,1.07,6.43,1,5,1,232351,282,Ryan,Giles,Giles,88,Defender,4.0,20260823T0423Z,mirror
283,i,0.0,0.0,4.0,570,170,0,0,0,0,0.0,563,190,0,0,0.0,206,72,0,0,0.0,206,72,0.0,0.0,0,8,8,57,57,0.0,0.0,0.0,0.0,0.0,0.0,0.0,0.0,0.0,0.0,0.0,37,22,0.0,37,22,0.0,37,22,0.0,37,22,,,,1,,Matty,Jacob,Jacob,Hip injury - Expected back 29 Aug,,0,0,0,0,0,0,0,0,0,0,0,0,0,,,,0,0.0,0.0,0.0,0.0,0,0,0,449428,283,Matty,Jacob,Jacob,88,Defender,4.0,20260823T0423Z,mirror
284,a,,,4.0,604,199,0,0,0,0,0.1,441,154,0,0,0.0,232,93,0,0,0.0,232,93,0.0,0.0,0,74,74,143,143,1.0,1.0,0.0,0.0,0.0,0.0,0.0,0.0,0.0,0.0,0.0,71,51,0.0,71,51,0.0,71,51,0.0,71,51,,,,1,,Cathal,McCarthy,McCarthy,,,0,0,0,0,0,0,0,0,0,0,0,0,0,,,,0,0.0,0.0,0.0,0.0,0,0,0,661800,284,Cathal,McCarthy,McCarthy,88,Defender,4.0,20260823T0423Z,mirror
285,a,,,4.0,547,154,0,0,0,0,0.1,417,147,1,1,1.0,107,34,0,3,1.0,107,34,0.2,0.2,0,70,70,75,75,1.0,1.0,0.0,0.0,0.0,0.97,0.0,0.0,0.0,3.36,0.0,14,6,0.0,14,6,0.0,14,6,0.0,14,6,,,,1,,Paddy,McNair,McNair,,,26,0,0,0,0,0,0,0,0,0,0,0,2,,,,0,0.0,0.0,0.0,6.92,0,2,1,160817,285,Paddy,McNair,McNair,88,Defender,4.0,20260823T0423Z,mirror
286,a,,,5.0,365,215,0,0,0,0,0.5,253,82,3,3,3.0,58,23,0,8,3.0,58,23,0.6,0.6,0,2255,2255,335,335,1.5,1.5,0.05,0.03,0.08,1.81,0.05,0.03,0.08,1.81,0.0,348,105,0.0,348,105,0.0,348,105,0.0,348,105,3.0,2.0,,1,,Mohamed,Belloumi,Belloumi,,,90,0,0,1,0,0,0,0,0,0,0,1,10,,,,0,1.0,0.0,1.0,10.0,4,3,3,540324,286,Mohamed,Belloumi,Belloumi,88,Midfielder,5.0,20260823T0423Z,mirror
287,a,,,5.0,288,172,0,0,0,0,0.1,458,187,0,0,0.0,386,136,0,2,0.0,386,136,0.0,0.0,0,62,62,115,115,1.5,1.5,0.0,0.0,0.0,0.67,0.0,0.0,0.0,3.17,0.0,271,62,0.0,271,62,0.0,271,62,0.0,271,62,,,,1,,Liam,Millar,Millar,,,19,0,0,0,0,0,0,0,1,0,0,0,3,,,,0,0.0,0.0,0.0,14.21,1,1,1,232905,287,Liam,Millar,Millar,88,Midfielder,5.0,20260823T0423Z,mirror
288,a,,,4.5,423,242,0,0,0,0,0.4,273,90,0,0,0.0,253,87,0,0,0.0,253,87,0.0,0.0,0,298,298,530,530,1.0,1.0,0.0,0.0,0.0,0.0,0.0,0.0,0.0,0.0,0.0,97,4,0.0,97,4,0.0,97,4,0.0,97,4,,,,1,,Kieran,Dowell,Dowell,,,0,0,0,0,0,0,0,0,0,0,0,0,0,,,,0,0.0,0.0,0.0,0.0,0,0,0,171270,288,Kieran,Dowell,Dowell,88,Midfielder,4.5,20260823T0423Z,mirror
289,a,,,4.5,406,239,0,0,0,0,0.7,229,76,2,2,2.0,74,35,0,9,2.0,74,35,0.4,0.4,0,1220,1220,492,492,1.0,1.0,0.0,0.0,0.0,1.81,0.0,0.0,0.0,1.81,0.0,80,1,0.0,80,1,0.0,80,1,0.0,80,1,,,,1,,Matt,Crooks,Crooks,,,90,0,0,1,0,0,0,0,1,0,0,1,9,,,,0,1.0,0.0,1.0,9.0,4,4,1,101282,289,Matt,Crooks,Crooks,88,Midfielder,4.5,20260823T0423Z,mirror
290,a,,,4.5,453,245,0,0,0,0,3.2,102,34,6,6,6.0,32,12,0,20,6.0,32,12,1.3,1.3,0,9954,9954,1318,1318,1.0,1.0,0.0,0.44,0.44,1.81,0.0,0.44,0.44,1.81,0.0,127,7,0.0,127,7,0.0,127,7,0.0,127,7,2.0,,,1,,Regan,Slater,Slater,,,90,0,1,1,0,0,0,0,0,0,0,1,3,,,,0,1.0,0.0,1.0,3.0,1,0,2,243413,290,Regan,Slater,Slater,88,Midfielder,4.5,20260823T0423Z,mirror
291,i,0.0,0.0,4.5,469,247,0,0,0,0,0.0,581,248,0,0,0.0,287,90,0,0,0.0,287,90,0.0,0.0,0,6,6,9,9,0.0,0.0,0.0,0.0,0.0,0.0,0.0,0.0,0.0,0.0,0.0,143,9,0.0,143,9,0.0,143,9,0.0,143,9,,,,1,,Eliot,Matazo,Matazo,Knee injury - Unknown return date,,0,0,0,0,0,0,0,0,0,0,0,0,0,,,,0,0.0,0.0,0.0,0.0,0,0,0,465525,291,Eliot,Matazo,Matazo,88,Midfielder,4.5,20260823T0423Z,mirror
292,a,,,5.0,262,160,0,0,0,0,0.0,546,224,0,0,0.0,367,127,0,0,0.0,367,127,0.0,0.0,0,87,87,59,59,1.5,1.5,0.0,0.0,0.0,0.0,0.0,0.0,0.0,0.0,0.0,245,50,0.0,245,50,0.0,245,50,0.0,245,50,,,,1,,Abdülkadir,Ömür,Ömür,,,0,0,0,0,0,0,0,0,0,0,0,0,0,,,,0,0.0,0.0,0.0,0.0,0,0,0,208481,292,Abdülkadir,Ömür,Ömür,88,Midfielder,5.0,20260823T0423Z,mirror
293,u,0.0,0.0,5.0,334,194,0,0,0,0,0.0,585,252,0,0,0.0,425,156,0,0,0.0,425,156,0.0,0.0,0,0,0,56,56,0.0,0.0,0.0,0.0,0.0,0.0,0.0,0.0,0.0,0.0,0.0,317,84,0.0,317,84,0.0,317,84,0.0,317,84,,,,1,,Abu,Kamara,Kamara,Has joined Portsmouth permanently,,0,0,0,0,0,0,0,0,0,0,0,0,0,,,,0,0.0,0.0,0.0,0.0,0,0,0,490161,293,Abu,Kamara,Kamara,88,Midfielder,5.0,20260823T0423Z,mirror
294,i,0.0,0.0,4.5,505,255,0,0,0,0,0.1,408,160,0,0,0.0,315,98,0,0,0.0,315,98,0.0,0.0,0,75,75,422,422,0.0,0.0,0.0,0.0,0.0,0.0,0.0,0.0,0.0,0.0,0.0,179,17,0.0,179,17,0.0,179,17,0.0,179,17,,,,1,,Óscar,Zambrano,Zambrano,Thigh injury - Unknown return date,,0,0,0,0,0,0,0,0,0,0,0,0,0,,,,0,0.0,0.0,0.0,0.0,0,0,0,553783,294,Óscar,Zambrano,Zambrano,88,Midfielder,4.5,20260823T0423Z,mirror
295,a,,,5.5,121,31,0,0,0,0,1.4,168,25,5,5,5.0,45,4,0,21,5.0,45,4,0.9,0.9,0,6517,6517,914,914,1.8,1.8,0.1,0.01,0.11,1.81,0.1,0.01,0.11,1.81,0.0,390,27,0.0,390,27,0.0,390,27,0.0,390,27,,,1.0,1,,Oli,McBurnie,McBurnie,,,90,0,1,1,0,0,0,0,0,0,0,1,5,,,,0,1.0,0.0,1.0,5.0,0,3,2,169432,295,Oli,McBurnie,McBurnie,88,Forward,5.5,20260823T0423Z,mirror
296,a,,,5.0,267,164,0,0,0,0,0.0,497,207,0,0,0.0,369,128,0,0,0.0,369,128,0.0,0.0,0,210,210,160,160,1.5,1.5,0.0,0.0,0.0,0.0,0.0,0.0,0.0,0.0,0.0,250,54,0.0,250,54,0.0,250,54,0.0,250,54,,,,1,,David,Akintola,Akintola,,,0,0,0,0,0,0,0,0,0,0,0,0,0,,,,0,0.0,0.0,0.0,0.0,0,0,0,213292,296,David,Akintola,Akintola,88,Midfielder,5.0,20260823T0423Z,mirror
297,i,0.0,0.0,4.5,471,248,0,0,0,0,0.0,522,217,0,0,0.0,289,91,0,0,0.0,289,91,0.0,0.0,0,13,13,99,99,0.0,0.0,0.0,0.0,0.0,0.0,0.0,0.0,0.0,0.0,0.0,145,10,0.0,145,10,0.0,145,10,0.0,145,10,,,,1,,Darko,Gyabi,Gyabi,Thigh injury - Unknown return date,,0,0,0,0,0,0,0,0,0,0,0,0,0,,,,0,0.0,0.0,0.0,0.0,0,0,0,470294,297,Darko,Gyabi,Gyabi,88,Midfielder,4.5,20260823T0423Z,mirror
298,u,0.0,0.0,4.5,490,63,0,0,0,0,0.4,271,47,0,0,0.0,301,26,0,0,0.0,301,26,0.0,0.0,0,0,0,2267,2267,0.0,0.0,0.0,0.0,0.0,0.0,0.0,0.0,0.0,0.0,0.0,164,3,0.0,164,3,0.0,164,3,0.0,164,3,,,,1,,Enis,Destan,Destan,Has joined Konyaspor permanently,,0,0,0,0,0,0,0,0,0,0,0,0,0,,,,0,0.0,0.0,0.0,0.0,0,0,0,500957,298,Enis,Destan,Destan,88,Forward,4.5,20260823T0423Z,mirror
299,u,0.0,0.0,4.5,498,64,0,0,0,0,0.1,465,63,0,0,0.0,308,27,0,0,0.0,308,27,0.0,0.0,0,0,0,313,313,0.0,0.0,0.0,0.0,0.0,0.0,0.0,0.0,0.0,0.0,0.0,172,4,0.0,172,4,0.0,172,4,0.0,172,4,,,,1,,Mason,Burstow,Burstow,Has joined Sheffield Wednesday on loan for the rest of the season,,0,0,0,0,0,0,0,0,0,0,0,0,0,,,,0,0.0,0.0,0.0,0.0,0,0,0,534392,299,Mason,Burstow,Burstow,88,Forward,4.5,20260823T0423Z,mirror
340,i,0.0,0.0,5.0,314,184,0,0,0,0,0.0,561,236,0,0,0.0,408,147,0,0,0.0,408,147,0.0,0.0,0,15,15,63,63,0.0,0.0,0.0,0.0,0.0,0.0,0.0,0.0,0.0,0.0,0.0,297,74,0.0,297,74,0.0,297,74,0.0,297,74,,,,1,,Joe,Gelhardt,Gelhardt,Ankle injury - Expected back 5 Sep,,0,0,0,0,0,0,0,0,0,0,0,0,0,,,,0,0.0,0.0,0.0,0.0,0,0,0,462635,340,Joe,Gelhardt,Gelhardt,88,Midfielder,5.0,20260823T0423Z,mirror
556,a,,,4.0,550,156,0,0,0,0,2.4,115,48,1,1,1.0,109,36,0,3,1.0,109,36,0.2,0.2,0,824,824,2045,2045,1.0,1.0,0.0,0.0,0.0,0.07,0.0,0.0,0.0,1.26,0.0,17,8,0.0,17,8,0.0,17,8,0.0,17,8,,,,1,,Matt,Targett,Targett,,,5,0,0,0,0,0,0,0,0,0,0,0,0,,,,0,0.0,0.0,0.0,0.0,0,0,1,169359,556,Matt,Targett,Targett,88,Defender,4.0,20260823T0423Z,mirror
563,d,50.0,50.0,5.0,306,180,0,0,0,0,0.0,533,220,0,0,0.0,400,143,0,0,0.0,400,143,0.0,0.0,0,13,13,71,71,0.8,0.8,0.0,0.0,0.0,0.0,0.0,0.0,0.0,0.0,0.0,289,70,0.0,289,70,0.0,289,70,0.0,289,70,,,,1,,Hidemasa,Morita,Morita,Calf injury - 50% chance of playing,,0,0,0,0,0,0,0,0,0,0,0,0,0,,,,0,0.0,0.0,0.0,0.0,0,0,0,445028,563,Hidemasa,Morita,Morita,88,Midfielder,5.0,20260823T0423Z,mirror
572,a,,,4.5,475,40,0,0,0,0,0.8,216,30,10,10,10.0,10,1,3,41,10.0,10,1,2.2,2.2,0,7784,7784,527,527,1.9,1.9,0.0,0.0,0.0,1.81,0.0,0.0,0.0,1.81,0.0,149,39,0.0,149,39,0.0,149,39,0.0,149,39,,,,1,,Konstantinos,Tzolakis,Tzolakis,,,90,0,0,1,0,0,0,0,0,0,5,1,0,,,,5,1.0,0.0,1.0,0.0,0,0,22,473284,572,Konstantinos,Tzolakis,Tzolakis,88,Goalkeeper,4.5,20260823T0423Z,mirror
574,a,,,5.0,372,220,0,0,0,0,0.1,440,177,0,0,0.0,452,173,0,0,0.0,452,173,0.0,0.0,0,83,83,100,100,1.5,1.5,0.0,0.0,0.0,0.0,0.0,0.0,0.0,0.0,0.0,355,110,0.0,355,110,0.0,355,110,0.0,355,110,,,,1,,Jens,Hjertø-Dahl,Hjertø-Dahl,,,0,0,0,0,0,0,0,0,0,0,0,0,0,,,,0,0.0,0.0,0.0,0.0,0,0,0,552946,574,Jens,Hjertø-Dahl,Hjertø-Dahl,88,Midfielder,5.0,20260823T0423Z,mirror
576,a,,,5.0,382,228,0,0,0,0,0.1,445,178,3,3,3.0,59,24,0,11,3.0,59,24,0.6,0.6,0,228,228,60,60,1.5,1.5,0.0,0.03,0.03,1.14,0.0,0.04,0.04,1.47,0.0,365,118,0.0,365,118,0.0,365,118,0.0,365,118,,,,1,,Elliot,Stroud,Stroud,,,70,0,0,1,0,0,0,0,0,0,0,1,6,,,,0,1.29,0.0,1.29,7.71,3,1,2,608227,576,Elliot,Stroud,Stroud,88,Midfielder,5.0,20260823T0423Z,mirror
585,a,,,4.0,597,192,0,0,0,0,0.6,235,91,1,1,1.0,115,42,0,4,1.0,115,42,0.2,0.2,0,505,505,468,468,1.0,1.0,0.0,0.0,0.0,0.97,0.0,0.0,0.0,3.36,0.0,64,44,0.0,64,44,0.0,64,44,0.0,64,44,,,,1,,Lucas,Herrington,Herrington,,,26,0,0,0,0,0,0,0,0,0,0,0,4,,,,0,0.0,0.0,0.0,13.85,0,4,0,597462,585,Lucas,Herrington,Herrington,88,Defender,4.0,20260823T0423Z,mirror
586,d,75.0,,4.0,599,194,0,0,0,0,1.4,161,67,15,15,15.0,1,1,1,35,15.0,1,1,3.8,3.8,0,18640,18640,1345,1345,0.8,1.0,0.28,0.0,0.28,0.84,0.4,0.0,0.4,1.2,0.0,66,46,0.0,66,46,0.0,66,46,0.0,66,46,,,,1,,Nobel,Mendy,Mendy,Thigh injury - 75% chance of playing,,63,1,0,1,0,0,0,0,0,0,0,1,13,,,,0,1.43,0.0,1.43,18.57,0,13,2,606930,586,Nobel,Mendy,Mendy,88,Defender,4.0,20260823T0423Z,mirror
589,a,,,5.0,321,187,0,0,0,0,0.0,521,216,0,0,0.0,413,150,0,0,0.0,413,150,0.0,0.0,0,16,16,29,29,1.5,1.5,0.0,0.0,0.0,0.0,0.0,0.0,0.0,0.0,0.0,304,77,0.0,304,77,0.0,304,77,0.0,304,77,,,,1,,Lucas,Gourna-Douath,Gourna-Douath,,,0,0,0,0,0,0,0,0,0,0,0,0,0,,,,0,0.0,0.0,0.0,0.0,0,0,0,469266,589,Lucas,Gourna-Douath,Gourna-Douath,88,Midfielder,5.0,20260823T0423Z,mirror
259,a,,,4.0,560,164,0,0,0,0,18.3,19,6,2,2,2.0,71,28,0,7,2.0,71,28,0.5,0.5,0,5839,5839,5439,5439,1.0,1.0,0.0,0.01,0.01,0.66,0.0,0.01,0.01,0.66,0.0,27,16,0.0,27,16,0.0,27,16,0.0,27,16,,,,1,,Issa,Diop,Diop,,,90,0,0,0,1,0,0,0,0,0,0,1,5,,,,0,0.0,1.0,1.0,5.0,1,4,6,219924,259,Issa,Diop,Diop,40,Defender,4.0,20260823T0423Z,mirror
267,a,,,5.0,266,163,0,0,0,0,0.1,403,156,5,5,5.0,43,15,0,22,5.0,43,15,1.0,1.0,0,116,116,74,74,1.5,1.5,0.0,0.02,0.02,0.66,0.0,0.02,0.02,0.66,0.0,249,53,0.0,249,53,0.0,249,53,0.0,249,53,4.0,,,1,,Saša,Lukić,Lukić,,,90,0,1,0,1,0,0,0,0,0,0,1,6,,,,0,0.0,1.0,1.0,6.0,1,2,3,212314,267,Saša,Lukić,Lukić,40,Midfielder,5.0,20260823T0423Z,mirror
300,a,,,4.5,410,27,0,0,0,0,0.5,246,34,0,0,0.0,242,38,0,0,0.0,242,38,0.0,0.0,0,53,53,451,451,1.9,1.9,0.0,0.0,0.0,0.0,0.0,0.0,0.0,0.0,0.0,84,26,0.0,84,26,0.0,84,26,0.0,84,26,,,,1,,Christian,Walton,Walton,,,0,0,0,0,0,0,0,0,0,0,0,0,0,,,,0,0.0,0.0,0.0,0.0,0,0,0,108813,300,Christian,Walton,Walton,40,Goalkeeper,4.5,20260823T0423Z,mirror
301,a,,,4.0,543,54,0,0,0,0,4.7,69,9,0,0,0.0,189,19,0,0,0.0,189,19,0.0,0.0,0,1139,1139,1384,1384,1.0,1.0,0.0,0.0,0.0,0.0,0.0,0.0,0.0,0.0,0.0,10,7,0.0,10,7,0.0,10,7,0.0,10,7,,,,1,,Alex,Palmer,Palmer,,,0,0,0,0,0,0,0,0,0,0,0,0,0,,,,0,0.0,0.0,0.0,0.0,0,0,0,112520,301,Alex,Palmer,Palmer,40,Goalkeeper,4.0,20260823T0423Z,mirror
302,a,,,4.0,537,51,0,0,0,0,0.5,264,36,0,0,0.0,184,16,0,0,0.0,184,16,0.0,0.0,0,262,262,149,149,1.0,1.0,0.0,0.0,0.0,0.0,0.0,0.0,0.0,0.0,0.0,4,4,0.0,4,4,0.0,4,4,0.0,4,4,,,,1,,David,Button,Button,,,0,0,0,0,0,0,0,0,0,0,0,0,0,,,,0,0.0,0.0,0.0,0.0,0,0,0,50093,302,David,Button,Button,40,Goalkeeper,4.0,20260823T0423Z,mirror
303,a,,,4.0,554,159,0,0,0,0,0.7,228,87,0,0,0.0,195,66,0,0,0.0,195,66,0.0,0.0,0,86,86,452,452,1.0,1.0,0.0,0.0,0.0,0.0,0.0,0.0,0.0,0.0,0.0,21,11,0.0,21,11,0.0,21,11,0.0,21,11,,,,1,,Cédric,Kipré,Kipré,,,0,0,0,0,0,0,0,0,0,0,0,0,0,,,,0,0.0,0.0,0.0,0.0,0,0,0,183015,303,Cédric,Kipré,Kipré,40,Defender,4.0,20260823T0423Z,mirror
304,a,,,4.0,559,163,0,0,0,0,3.5,94,38,4,4,4.0,49,22,0,16,4.0,49,22,1.0,1.0,0,1232,1232,976,976,1.0,1.0,0.0,0.16,0.16,0.66,0.0,0.16,0.16,0.66,0.0,26,15,0.0,26,15,0.0,26,15,0.0,26,15,,,,1,,Dara,O'Shea,O'Shea,,,90,0,0,0,1,0,0,0,0,0,0,1,18,,,,0,0.0,1.0,1.0,18.0,2,16,6,216616,304,Dara,O'Shea,O'Shea,40,Defender,4.0,20260823T0423Z,mirror
305,a,,,4.0,573,173,0,0,0,0,5.3,65,26,2,2,2.0,73,30,0,10,2.0,73,30,0.5,0.5,0,1228,1228,1753,1753,1.0,1.0,0.0,0.01,0.01,0.66,0.0,0.01,0.01,0.66,0.0,40,25,0.0,40,25,0.0,40,25,0.0,40,25,2.0,2.0,,1,,Leif,Davis,Davis,,,90,0,0,0,1,0,0,0,0,0,0,1,7,,,,0,0.0,1.0,1.0,7.0,0,7,4,455084,305,Leif,Davis,Davis,40,Defender,4.0,20260823T0423Z,mirror
306,a,,,4.0,571,171,0,0,0,0,1.5,157,66,2,2,2.0,72,29,0,12,2.0,72,29,0.5,0.5,0,281,281,456,456,1.0,1.0,0.0,0.0,0.0,0.66,0.0,0.0,0.0,0.66,0.0,38,23,0.0,38,23,0.0,38,23,0.0,38,23,,,,1,,Jacob,Greaves,Greaves,,,90,0,0,0,1,0,0,0,0,0,0,1,7,,,,0,0.0,1.0,1.0,7.0,3,4,1,449429,306,Jacob,Greaves,Greaves,40,Defender,4.0,20260823T0423Z,mirror
307,a,,,4.0,562,166,0,0,0,0,0.1,412,146,0,0,0.0,200,70,0,0,0.0,200,70,0.0,0.0,0,90,90,117,117,1.0,1.0,0.0,0.0,0.0,0.0,0.0,0.0,0.0,0.0,0.0,29,18,0.0,29,18,0.0,29,18,0.0,29,18,,,,1,,Ben,Johnson,Johnson,,,0,0,0,0,0,0,0,0,0,0,0,0,0,,,,0,0.0,0.0,0.0,0.0,0,0,0,222018,307,Ben,Johnson,Johnson,40,Defender,4.0,20260823T0423Z,mirror
308,a,,,4.0,553,158,0,0,0,0,0.7,233,89,0,0,0.0,194,65,0,0,0.0,194,65,0.0,0.0,0,64,64,466,466,1.0,1.0,0.0,0.0,0.0,0.0,0.0,0.0,0.0,0.0,0.0,20,10,0.0,20,10,0.0,20,10,0.0,20,10,,,,1,,Darnell,Furlong,Furlong,,,0,0,0,0,0,0,0,0,0,0,0,0,0,,,,0,0.0,0.0,0.0,0.0,0,0,0,176420,308,Darnell,Furlong,Furlong,40,Defender,4.0,20260823T0423Z,mirror
309,a,,,5.0,345,199,0,0,0,0,0.1,393,152,4,4,4.0,50,19,0,26,4.0,50,19,0.8,0.8,0,109,109,113,113,1.5,1.5,0.03,0.03,0.06,0.63,0.03,0.03,0.06,0.72,0.0,328,89,0.0,328,89,0.0,328,89,0.0,328,89,1.0,1.0,,1,,Marcelino,Núñez,Núñez,,,79,0,0,0,1,0,0,0,0,0,0,1,12,,,,0,0.0,1.14,1.14,13.67,2,4,6,501390,309,Marcelino,Núñez,Núñez,40,Midfielder,5.0,20260823T0423Z,mirror
310,i,0.0,0.0,5.0,290,173,0,0,0,0,0.0,591,256,0,0,0.0,388,137,0,0,0.0,388,137,0.0,0.0,0,1,1,23,23,0.0,0.0,0.0,0.0,0.0,0.0,0.0,0.0,0.0,0.0,0.0,273,63,0.0,273,63,0.0,273,63,0.0,273,63,,,,1,,Azor,Matusiwa,Matusiwa,Muscular injury - Unknown return date,,0,0,0,0,0,0,0,0,0,0,0,0,0,,,,0,0.0,0.0,0.0,0.0,0,0,0,241117,310,Azor,Matusiwa,Matusiwa,40,Midfielder,5.0,20260823T0423Z,mirror
311,u,0.0,0.0,5.0,241,144,0,0,0,0,0.0,584,251,0,0,0.0,353,115,0,0,0.0,353,115,0.0,0.0,0,0,0,55,55,0.0,0.0,0.0,0.0,0.0,0.0,0.0,0.0,0.0,0.0,0.0,224,34,0.0,224,34,0.0,224,34,0.0,224,34,,,,1,,Wes,Burns,Burns,Has joined Leicester City permanently,,0,0,0,0,0,0,0,0,0,0,0,0,0,,,,0,0.0,0.0,0.0,0.0,0,0,0,149929,311,Wes,Burns,Burns,40,Midfielder,5.0,20260823T0423Z,mirror
312,i,0.0,0.0,4.5,447,244,0,0,0,0,0.0,485,201,0,0,0.0,270,89,0,0,0.0,270,89,0.0,0.0,0,35,35,205,205,0.0,0.0,0.0,0.0,0.0,0.0,0.0,0.0,0.0,0.0,0.0,121,6,0.0,121,6,0.0,121,6,0.0,121,6,,,,1,,Jack,Taylor,Taylor,Knee injury - Unknown return date,,0,0,0,0,0,0,0,0,0,0,0,0,0,,,,0,0.0,0.0,0.0,0.0,0,0,0,231899,312,Jack,Taylor,Taylor,40,Midfielder,4.5,20260823T0423Z,mirror
313,a,,,5.5,165,103,0,0,0,0,0.3,308,106,7,7,7.0,26,11,1,27,7.0,26,11,1.3,1.3,0,320,320,260,260,2.0,2.0,0.1,0.0,0.1,0.03,0.47,0.0,0.47,0.14,0.0,434,159,0.0,434,159,0.0,434,159,0.0,434,159,3.0,3.0,1.0,1,,Jack,Clarke,Clarke,,,19,1,0,0,0,0,0,0,0,0,0,0,2,,,,0,0.0,0.0,0.0,9.47,1,0,1,443261,313,Jack,Clarke,Clarke,40,Midfielder,5.5,20260823T0423Z,mirror
314,a,,,5.0,282,168,0,0,0,0,0.0,551,227,0,0,0.0,381,132,0,0,0.0,381,132,0.0,0.0,0,11,11,24,24,1.5,1.5,0.0,0.0,0.0,0.0,0.0,0.0,0.0,0.0,0.0,265,58,0.0,265,58,0.0,265,58,0.0,265,58,,,,1,,Chiedozie,Ogbene,Ogbene,,,0,0,0,0,0,0,0,0,0,0,0,0,0,,,,0,0.0,0.0,0.0,0.0,0,0,0,229164,314,Chiedozie,Ogbene,Ogbene,40,Midfielder,5.0,20260823T0423Z,mirror
315,a,,,5.5,202,126,0,0,0,0,0.2,325,114,2,2,2.0,95,47,0,22,2.0,95,47,0.4,0.4,0,123,123,311,311,2.0,2.0,0.0,0.41,0.41,0.63,0.0,0.57,0.57,0.87,0.0,471,182,0.0,471,182,0.0,471,182,0.0,471,182,,,,1,,Abdul,Fatawu,Fatawu,,,65,0,0,0,1,0,0,0,0,0,0,1,7,,,,0,0.0,1.38,1.38,9.69,4,1,2,531442,315,Abdul,Fatawu,Fatawu,40,Midfielder,5.5,20260823T0423Z,mirror
316,a,,,5.5,204,44,0,0,0,0,0.5,256,45,9,9,9.0,17,1,3,41,9.0,17,1,1.6,1.6,0,5348,5348,414,414,1.8,1.8,0.82,0.06,0.88,0.63,1.14,0.08,1.22,0.87,0.0,473,40,0.0,473,40,0.0,473,40,0.0,473,40,,,2.0,1,,Emersonn,Correia da Silva,Emersonn,,,65,1,0,0,1,0,0,0,0,0,0,1,3,,,,0,0.0,1.38,1.38,4.15,1,1,1,543968,316,Emersonn,Correia da Silva,Emersonn,40,Forward,5.5,20260823T0423Z,mirror
317,u,0.0,0.0,5.0,278,51,0,0,0,0,0.2,324,53,0,0,0.0,377,35,0,0,0.0,377,35,0.0,0.0,0,0,0,2425,2425,0.0,0.0,0.0,0.0,0.0,0.0,0.0,0.0,0.0,0.0,0.0,261,15,0.0,261,15,0.0,261,15,0.0,261,15,,,,1,,George,Hirst,Hirst,Has joined Stoke City permanently,,0,0,0,0,0,0,0,0,0,0,0,0,0,,,,0,0.0,0.0,0.0,0.0,0,0,0,222625,317,George,Hirst,Hirst,40,Forward,5.0,20260823T0423Z,mirror
318,a,,,5.5,186,113,0,0,0,0,0.2,371,138,0,0,0.0,513,208,0,0,0.0,513,208,0.0,0.0,0,50,50,295,295,2.0,2.0,0.0,0.0,0.0,0.0,0.0,0.0,0.0,0.0,0.0,455,169,0.0,455,169,0.0,455,169,0.0,455,169,5.0,,3.0,1,,Jaden,Philogene,Philogene,,,0,0,0,0,0,0,0,0,0,0,0,0,0,,,,0,0.0,0.0,0.0,0.0,0,0,0,481624,318,Jaden,Philogene,Philogene,40,Midfielder,5.5,20260823T0423Z,mirror
319,u,0.0,0.0,5.0,249,151,0,0,0,0,0.0,578,246,0,0,0.0,360,121,0,0,0.0,360,121,0.0,0.0,0,0,0,126,126,0.0,0.0,0.0,0.0,0.0,0.0,0.0,0.0,0.0,0.0,0.0,232,41,0.0,232,41,0.0,232,41,0.0,232,41,,,,1,,Sam,Szmodics,Szmodics,Has joined Derby County on loan for the rest of the season,,0,0,0,0,0,0,0,0,0,0,0,0,0,,,,0,0.0,0.0,0.0,0.0,0,0,0,172453,319,Sam,Szmodics,Szmodics,40,Midfielder,5.0,20260823T0423Z,mirror
320,a,,,5.0,240,49,0,0,0,0,0.6,245,41,1,1,1.0,132,12,0,3,1.0,132,12,0.2,0.2,0,891,891,594,594,1.4,1.4,0.0,0.0,0.0,0.03,0.0,0.0,0.0,0.11,0.0,223,13,0.0,223,13,0.0,223,13,0.0,223,13,,,,1,,Chuba,Akpom,Akpom,,,24,0,0,0,0,0,0,0,0,0,0,0,3,,,,0,0.0,0.0,0.0,11.25,1,0,2,147675,320,Chuba,Akpom,Akpom,40,Forward,5.0,20260823T0423Z,mirror
321,a,,,4.5,508,66,0,0,0,0,2.2,119,16,1,1,1.0,128,11,0,3,1.0,128,11,0.2,0.2,0,2320,2320,1516,1516,1.0,1.0,0.0,0.0,0.0,0.03,0.0,0.0,0.0,0.27,0.0,182,6,0.0,182,6,0.0,182,6,0.0,182,6,,,,1,,Sindre,Walle Egeli,Walle Egeli,,,10,0,0,0,0,0,0,0,0,0,0,0,0,,,,0,0.0,0.0,0.0,0.0,0,0,0,557012,321,Sindre,Walle Egeli,Walle Egeli,40,Forward,4.5,20260823T0423Z,mirror
322,a,,,5.0,313,54,0,0,0,0,0.2,382,59,0,0,0.0,407,37,0,0,0.0,407,37,0.0,0.0,0,219,219,289,289,1.4,1.4,0.0,0.0,0.0,0.0,0.0,0.0,0.0,0.0,0.0,296,18,0.0,296,18,0.0,296,18,0.0,296,18,,,,1,,Ali,Al-Hamadi,Al-Hamadi,,,0,0,0,0,0,0,0,0,0,0,0,0,0,,,,0,0.0,0.0,0.0,0.0,0,0,0,462387,322,Ali,Al-Hamadi,Al-Hamadi,40,Forward,5.0,20260823T0423Z,mirror
323,a,,,4.5,467,246,0,0,0,0,1.5,159,48,1,1,1.0,122,55,0,4,1.0,122,55,0.2,0.2,0,1212,1212,1167,1167,1.0,1.0,0.0,0.0,0.0,0.03,0.0,0.0,0.0,0.11,0.0,141,8,0.0,141,8,0.0,141,8,0.0,141,8,,,,1,,Kasey,McAteer,McAteer,,,24,0,0,0,0,0,0,0,0,0,0,0,3,,,,0,0.0,0.0,0.0,11.25,1,0,2,461587,323,Kasey,McAteer,McAteer,40,Midfielder,4.5,20260823T0423Z,mirror
324,a,,,5.0,286,170,0,0,0,0,0.1,474,194,0,0,0.0,384,134,0,0,0.0,384,134,0.0,0.0,0,11,11,76,76,1.5,1.5,0.0,0.0,0.0,0.0,0.0,0.0,0.0,0.0,0.0,269,60,0.0,269,60,0.0,269,60,0.0,269,60,,,,1,,Anis,Mehmeti,Mehmeti,,,0,0,0,0,0,0,0,0,0,0,0,0,0,,,,0,0.0,0.0,0.0,0.0,0,0,0,232457,324,Anis,Mehmeti,Mehmeti,40,Midfielder,5.0,20260823T0423Z,mirror
554,a,,,4.5,499,45,0,0,0,0,0.0,501,54,0,0,0.0,309,52,0,0,0.0,309,52,0.0,0.0,0,15,15,53,53,1.9,1.9,0.0,0.0,0.0,0.0,0.0,0.0,0.0,0.0,0.0,173,44,0.0,173,44,0.0,173,44,0.0,173,44,,,,1,,Kayne,van Oevelen,Van Oevelen,,,0,0,0,0,0,0,0,0,0,0,0,0,0,,,,0,0.0,0.0,0.0,0.0,0,0,0,546600,554,Kayne,van Oevelen,Van Oevelen,40,Goalkeeper,4.5,20260823T0423Z,mirror
562,a,,,5.5,164,102,0,0,0,0,0.4,270,88,2,2,2.0,93,45,0,7,2.0,93,45,0.4,0.4,0,190,190,364,364,2.0,2.0,0.61,0.0,0.61,0.63,0.69,0.0,0.69,0.72,0.0,433,158,0.0,433,158,0.0,433,158,0.0,433,158,,,,1,,Daizen,Maeda,Maeda,,,79,0,0,0,1,0,0,0,0,0,0,1,9,,,,0,0.0,1.14,1.14,10.25,4,3,2,442967,562,Daizen,Maeda,Maeda,40,Midfielder,5.5,20260823T0423Z,mirror
564,a,,,4.5,450,35,0,0,0,0,0.7,232,32,2,2,2.0,75,6,0,12,2.0,75,6,0.4,0.4,0,210,210,316,316,1.9,1.9,0.0,0.0,0.0,0.66,0.0,0.0,0.0,0.66,0.0,124,34,0.0,124,34,0.0,124,34,0.0,124,34,,,,1,,Kjell,Scherpen,Scherpen,,,90,0,0,0,1,0,0,0,0,0,2,1,0,,,,2,0.0,1.0,1.0,0.0,0,1,10,240514,564,Kjell,Scherpen,Scherpen,40,Goalkeeper,4.5,20260823T0423Z,mirror
571,a,,,5.0,272,165,0,0,0,0,0.1,388,148,0,0,0.0,372,129,0,0,0.0,372,129,0.0,0.0,0,70,70,153,153,1.5,1.5,0.0,0.0,0.0,0.0,0.0,0.0,0.0,0.0,0.0,255,55,0.0,255,55,0.0,255,55,0.0,255,55,,,,1,,Florentino Ibrain,Morris Luís,Florentino,,,0,0,0,0,0,0,0,0,0,0,0,0,0,,,,0,0.0,0.0,0.0,0.0,0,0,0,216055,571,Florentino Ibrain,Morris Luís,Florentino,40,Midfielder,5.0,20260823T0423Z,mirror
591,d,75.0,,5.5,181,110,0,0,0,0,0.3,292,98,5,5,5.0,47,18,0,24,5.0,47,18,0.9,0.9,0,2103,2103,308,308,1.5,2.0,0.23,0.31,0.54,0.63,0.3,0.4,0.7,0.81,0.0,450,166,0.0,450,166,0.0,450,166,0.0,450,166,,,,1,,Julio,Enciso,Enciso,Muscular injury - 75% chance of playing,,70,0,1,0,1,0,0,0,0,0,0,1,8,,,,0,0.0,1.29,1.29,10.29,1,2,5,474120,591,Julio,Enciso,Enciso,40,Midfielder,5.5,20260823T0423Z,mirror
592,a,,,4.0,591,187,0,0,0,0,1.1,188,72,1,1,1.0,114,41,0,4,1.0,114,41,0.2,0.2,0,1116,1116,636,636,1.0,1.0,0.0,0.0,0.0,0.03,0.0,0.0,0.0,0.27,0.0,58,39,0.0,58,39,0.0,58,39,0.0,58,39,,,,1,,Abdoul,Ouattara,Ouattara,,,10,0,0,0,0,0,0,0,0,0,0,0,2,,,,0,0.0,0.0,0.0,18.0,0,2,0,572584,592,Abdoul,Ouattara,Ouattara,40,Defender,4.0,20260823T0423Z,mirror
602,a,,,4.5,497,254,0,0,0,0,0.0,601,264,0,0,0.0,307,97,0,0,0.0,307,97,0.0,0.0,0,23,23,4,4,1.0,1.0,0.0,0.0,0.0,0.0,0.0,0.0,0.0,0.0,0.0,171,16,0.0,171,16,0.0,171,16,0.0,171,16,,,,1,,Cameron,Humphreys,Humphreys,,,0,0,0,0,0,0,0,0,0,0,0,0,0,,,,0,0.0,0.0,0.0,0.0,0,0,0,524180,602,Cameron,Humphreys,Humphreys,40,Midfielder,4.5,20260823T0423Z,mirror
260,a,,,6.5,33,21,0,0,0,0,6.3,58,20,3,3,3.0,68,32,0,8,3.0,68,32,0.5,0.5,0,2636,2636,5123,5123,2.3,2.3,0.0,0.02,0.02,0.53,0.0,0.03,0.03,0.73,0.0,552,229,0.0,552,229,0.0,552,229,0.0,552,229,2.0,,,1,,Harry,Wilson,Wilson,,,65,0,0,1,0,0,0,0,0,0,0,1,2,,,,0,1.38,0.0,1.38,2.77,2,0,0,153682,260,Harry,Wilson,Wilson,2,Midfielder,6.5,20260823T0423Z,mirror
326,a,,,4.5,432,33,0,0,0,0,0.6,238,33,0,0,0.0,261,44,0,0,0.0,261,44,0.0,0.0,0,67,67,543,543,1.9,1.9,0.0,0.0,0.0,0.0,0.0,0.0,0.0,0.0,0.0,106,32,0.0,106,32,0.0,106,32,0.0,106,32,,,,1,,Lucas Estella,Perri,Perri,,,0,0,0,0,0,0,0,0,0,0,0,0,0,,,,0,0.0,0.0,0.0,0.0,0,0,0,201595,326,Lucas Estella,Perri,Perri,2,Goalkeeper,4.5,20260823T0423Z,mirror
327,a,,,5.0,299,54,0,0,0,0,0.4,277,103,10,10,10.0,11,6,2,28,10.0,11,6,2.0,2.0,0,3633,3633,341,341,2.2,2.2,0.11,0.0,0.11,0.66,0.11,0.0,0.11,0.66,0.0,282,141,0.0,282,141,0.0,282,141,0.0,282,141,,,,1,,Jaka,Bijol,Bijol,,,90,0,0,1,0,0,0,0,0,0,0,1,12,,,,0,1.0,0.0,1.0,12.0,1,11,5,434752,327,Jaka,Bijol,Bijol,2,Defender,5.0,20260823T0423Z,mirror
329,a,,,4.5,435,99,0,0,0,0,3.6,86,34,6,6,6.0,29,12,0,21,6.0,29,12,1.3,1.3,0,1746,1746,747,747,1.7,1.7,0.03,0.06,0.09,0.66,0.03,0.06,0.09,0.66,0.0,109,72,0.0,109,72,0.0,109,72,0.0,109,72,,,,1,,Joe,Rodon,Rodon,,,90,0,0,1,0,0,0,0,0,0,0,1,7,,,,0,1.0,0.0,1.0,7.0,1,6,1,214225,329,Joe,Rodon,Rodon,2,Defender,4.5,20260823T0423Z,mirror
330,a,,,4.5,443,106,0,0,0,0,0.5,247,92,6,6,6.0,31,14,0,24,6.0,31,14,1.3,1.3,0,680,680,211,211,1.7,1.7,0.0,0.0,0.0,0.66,0.0,0.0,0.0,0.66,0.0,117,79,0.0,117,79,0.0,117,79,0.0,117,79,,,,1,,Jayden,Bogle,Bogle,,,90,0,0,1,0,0,0,0,0,0,0,1,3,,,,0,1.0,0.0,1.0,3.0,1,2,3,226182,330,Jayden,Bogle,Bogle,2,Defender,4.5,20260823T0423Z,mirror
331,i,0.0,0.0,4.5,454,114,0,0,0,0,0.1,475,165,0,0,0.0,275,118,0,0,0.0,275,118,0.0,0.0,0,17,17,206,206,0.0,0.0,0.0,0.0,0.0,0.0,0.0,0.0,0.0,0.0,0.0,128,87,0.0,128,87,0.0,128,87,0.0,128,87,,,,1,,Gabriel,Gudmundsson,Gudmundsson,Hamstring injury - Unknown return date,,0,0,0,0,0,0,0,0,0,0,0,0,0,,,,0,0.0,0.0,0.0,0.0,0,0,0,243526,331,Gabriel,Gudmundsson,Gudmundsson,2,Defender,4.5,20260823T0423Z,mirror
332,a,,,4.5,438,102,0,0,0,0,0.7,234,90,10,10,10.0,9,5,2,28,10.0,9,5,2.2,2.2,0,3695,3695,306,306,1.7,1.7,0.0,0.01,0.01,0.66,0.0,0.01,0.01,0.66,0.0,112,75,0.0,112,75,0.0,112,75,0.0,112,75,,,,1,,James,Justin,Justin,,,90,0,0,1,0,0,0,0,0,0,0,1,12,,,,0,1.0,0.0,1.0,12.0,6,6,4,220627,332,James,Justin,Justin,2,Defender,4.5,20260823T0423Z,mirror
333,u,0.0,0.0,4.5,462,121,0,0,0,0,0.0,588,197,0,0,0.0,281,123,0,0,0.0,281,123,0.0,0.0,0,0,0,49,49,0.0,0.0,0.0,0.0,0.0,0.0,0.0,0.0,0.0,0.0,0.0,136,94,0.0,136,94,0.0,136,94,0.0,136,94,,,,1,,Sebastiaan,Bornauw,Bornauw,Has joined Hamburg SV on loan for the rest of the season,,0,0,0,0,0,0,0,0,0,0,0,0,0,,,,0,0.0,0.0,0.0,0.0,0,0,0,437738,333,Sebastiaan,Bornauw,Bornauw,2,Defender,4.5,20260823T0423Z,mirror
334,a,,,5.0,357,72,0,0,0,0,3.4,97,40,6,6,6.0,33,15,0,25,6.0,33,15,1.2,1.2,0,2460,2460,709,709,2.2,2.2,0.09,0.0,0.09,0.66,0.09,0.0,0.09,0.66,0.0,340,159,0.0,340,159,0.0,340,159,0.0,340,159,,,,1,,Tarik,Muharemović,Muharemović,,,90,0,0,1,0,0,0,0,0,0,0,1,7,,,,0,1.0,0.0,1.0,7.0,0,7,1,522047,334,Tarik,Muharemović,Muharemović,2,Defender,5.0,20260823T0423Z,mirror
335,a,,,6.0,91,58,0,0,0,0,1.0,193,65,13,13,13.0,5,2,3,37,13.0,5,2,2.2,2.2,0,5873,5873,569,569,2.1,2.1,0.1,0.05,0.15,0.66,0.1,0.05,0.15,0.66,0.0,529,213,0.0,529,213,0.0,529,213,0.0,529,213,1.0,1.0,,1,,Anton,Stach,Stach,,,90,1,0,1,0,0,0,0,0,0,0,1,16,,,,0,1.0,0.0,1.0,16.0,3,8,5,466525,335,Anton,Stach,Stach,2,Midfielder,6.0,20260823T0423Z,mirror
336,a,,,6.0,79,51,0,0,0,0,0.5,251,81,1,1,1.0,173,78,0,10,1.0,173,78,0.2,0.2,0,304,304,885,885,2.1,2.1,0.0,0.16,0.16,0.13,0.0,0.6,0.6,0.49,0.0,517,206,0.0,517,206,0.0,517,206,0.0,517,206,,,,1,,Noah,Okafor,Okafor,,,24,0,0,0,0,0,0,0,0,0,0,0,5,,,,0,0.0,0.0,0.0,18.75,2,1,2,435997,336,Noah,Okafor,Okafor,2,Midfielder,6.0,20260823T0423Z,mirror
337,a,,,5.5,155,96,0,0,0,0,1.0,195,66,3,3,3.0,61,26,0,16,3.0,61,26,0.5,0.5,0,411,411,720,720,2.0,2.0,0.01,0.01,0.02,0.58,0.01,0.01,0.02,0.64,0.0,424,152,0.0,424,152,0.0,424,152,0.0,424,152,,3.0,,1,,Brenden,Aaronson,Aaronson,,,81,0,0,1,0,0,0,0,0,0,0,1,7,,,,0,1.11,0.0,1.11,7.78,1,0,6,427637,337,Brenden,Aaronson,Aaronson,2,Midfielder,5.5,20260823T0423Z,mirror
338,a,,,5.5,131,81,0,0,0,0,1.4,160,49,5,5,5.0,46,17,0,18,5.0,46,17,0.9,0.9,0,363,363,1045,1045,2.0,2.0,0.0,0.04,0.04,0.66,0.0,0.04,0.04,0.66,0.0,400,137,0.0,400,137,0.0,400,137,0.0,400,137,,,,1,,Ethan,Ampadu,Ampadu,,,90,0,0,1,0,0,0,0,0,0,0,1,13,,,,0,1.0,0.0,1.0,13.0,2,6,5,199598,338,Ethan,Ampadu,Ampadu,2,Midfielder,5.5,20260823T0423Z,mirror
339,a,,,5.0,252,152,0,0,0,0,0.1,390,150,1,1,1.0,133,56,0,3,1.0,133,56,0.2,0.2,0,127,127,165,165,1.5,1.5,0.0,0.0,0.0,0.07,0.0,0.0,0.0,0.79,0.0,235,42,0.0,235,42,0.0,235,42,0.0,235,42,3.0,2.0,,1,,Sean,Longstaff,Longstaff,,,8,0,0,0,0,0,0,0,0,0,0,0,0,,,,0,0.0,0.0,0.0,0.0,0,0,0,180135,339,Sean,Longstaff,Longstaff,2,Midfielder,5.0,20260823T0423Z,mirror
341,i,0.0,0.0,5.0,338,196,0,0,0,0,0.0,537,222,0,0,0.0,429,158,0,0,0.0,429,158,0.0,0.0,0,3,3,166,166,0.0,0.0,0.0,0.0,0.0,0.0,0.0,0.0,0.0,0.0,0.0,321,86,0.0,321,86,0.0,321,86,0.0,321,86,,,,1,,Wilfried,Gnonto,Gnonto,Hamstring injury - Unknown return date,,0,0,0,0,0,0,0,0,0,0,0,0,0,,,,0,0.0,0.0,0.0,0.0,0,0,0,492859,341,Wilfried,Gnonto,Gnonto,2,Midfielder,5.0,20260823T0423Z,mirror
342,u,0.0,0.0,5.0,275,166,0,0,0,0,0.0,602,265,0,0,0.0,374,130,0,0,0.0,374,130,0.0,0.0,0,0,0,12,12,0.0,0.0,0.0,0.0,0.0,0.0,0.0,0.0,0.0,0.0,0.0,258,56,0.0,258,56,0.0,258,56,0.0,258,56,,,,1,,Jack,Harrison,Harrison,Has joined New England Revolution permanently,,0,0,0,0,0,0,0,0,0,0,0,0,0,,,,0,0.0,0.0,0.0,0.0,0,0,0,221399,342,Jack,Harrison,Harrison,2,Midfielder,5.0,20260823T0423Z,mirror
343,a,,,5.0,255,155,0,0,0,0,0.1,398,154,0,0,0.0,364,124,0,0,0.0,364,124,0.0,0.0,0,151,151,188,188,1.5,1.5,0.0,0.0,0.0,0.0,0.0,0.0,0.0,0.0,0.0,238,45,0.0,238,45,0.0,238,45,0.0,238,45,,,,1,,Daniel,James,James,,,0,0,0,0,0,0,0,0,0,0,0,0,0,,,,0,0.0,0.0,0.0,0.0,0,0,0,200617,343,Daniel,James,James,2,Midfielder,5.0,20260823T0423Z,mirror
344,i,0.0,0.0,5.0,328,190,0,0,0,0,0.0,589,255,0,0,0.0,419,152,0,0,0.0,419,152,0.0,0.0,0,1,1,22,22,0.0,0.0,0.0,0.0,0.0,0.0,0.0,0.0,0.0,0.0,0.0,311,80,0.0,311,80,0.0,311,80,0.0,311,80,,,,1,,Ilia,Gruev,Gruev,Knee injury - Unknown return date,,0,0,0,0,0,0,0,0,0,0,0,0,0,,,,0,0.0,0.0,0.0,0.0,0,0,0,486520,344,Ilia,Gruev,Gruev,2,Midfielder,5.0,20260823T0423Z,mirror
345,a,,,5.0,293,175,0,0,0,0,0.3,320,111,0,0,0.0,391,139,0,0,0.0,391,139,0.0,0.0,0,252,252,459,459,1.5,1.5,0.0,0.0,0.0,0.0,0.0,0.0,0.0,0.0,0.0,276,65,0.0,276,65,0.0,276,65,0.0,276,65,4.0,,,1,,Tanaka,Ao,Tanaka,,,0,0,0,0,0,0,0,0,0,0,0,0,0,,,,0,0.0,0.0,0.0,0.0,0,0,0,248056,345,Tanaka,Ao,Tanaka,2,Midfielder,5.0,20260823T0423Z,mirror
346,a,,,6.0,63,16,0,0,0,0,30.9,8,3,1,1,1.0,168,21,0,-2,1.0,168,21,0.2,0.2,0,11679,11679,10256,10256,2.0,2.0,0.13,0.0,0.13,0.66,0.13,0.0,0.13,0.66,0.0,501,48,0.0,501,48,0.0,501,48,0.0,501,48,,,1.0,1,,Dominic,Calvert-Lewin,Calvert-Lewin,,,90,0,0,1,0,0,0,0,1,0,0,1,2,,,,0,1.0,0.0,1.0,2.0,0,0,2,177815,346,Dominic,Calvert-Lewin,Calvert-Lewin,2,Forward,6.0,20260823T0423Z,mirror
347,a,,,5.5,124,33,0,0,0,0,0.6,239,38,0,0,0.0,478,46,0,0,0.0,478,46,0.0,0.0,0,377,377,943,943,1.8,1.8,0.0,0.0,0.0,0.0,0.0,0.0,0.0,0.0,0.0,393,29,0.0,393,29,0.0,393,29,0.0,393,29,,,2.0,1,,Lukas,Nmecha,Nmecha,,,0,0,0,0,0,0,0,0,0,0,0,0,0,,,,0,0.0,0.0,0.0,0.0,0,0,0,174594,347,Lukas,Nmecha,Nmecha,2,Forward,5.5,20260823T0423Z,mirror
348,u,0.0,0.0,5.0,289,53,0,0,0,0,0.2,372,56,0,0,0.0,387,36,0,0,0.0,387,36,0.0,0.0,0,0,0,1444,1444,0.0,0.0,0.0,0.0,0.0,0.0,0.0,0.0,0.0,0.0,0.0,272,17,0.0,272,17,0.0,272,17,0.0,272,17,,,3.0,1,,Joël,Piroe,Piroe,Has joined West Ham United on loan for the rest of the season,,0,0,0,0,0,0,0,0,0,0,0,0,0,,,,0,0.0,0.0,0.0,0.0,0,0,0,235826,348,Joël,Piroe,Piroe,2,Forward,5.0,20260823T0423Z,mirror
349,i,0.0,0.0,4.5,509,67,0,0,0,0,0.1,468,64,0,0,0.0,318,29,0,0,0.0,318,29,0.0,0.0,0,59,59,199,199,0.0,0.0,0.0,0.0,0.0,0.0,0.0,0.0,0.0,0.0,0.0,183,7,0.0,183,7,0.0,183,7,0.0,183,7,,,,1,,Mateo,Joseph Fernández-Regatillo,Mateo Joseph,Knee injury - Unknown return date,,0,0,0,0,0,0,0,0,0,0,0,0,0,,,,0,0.0,0.0,0.0,0.0,0,0,0,565297,349,Mateo,Joseph Fernández-Regatillo,Mateo Joseph,2,Forward,4.5,20260823T0423Z,mirror
385,a,,,5.0,297,14,0,0,0,0,3.1,104,17,9,9,9.0,14,2,2,28,9.0,14,2,1.8,1.8,0,4137,4137,913,913,2.6,2.6,0.0,0.0,0.0,0.66,0.0,0.0,0.0,0.66,0.0,280,56,0.0,280,56,0.0,280,56,0.0,280,56,,,,1,,James,Trafford,Trafford,,,90,0,0,1,0,0,0,0,0,0,3,1,0,,,,3,1.0,0.0,1.0,0.0,0,0,9,432720,385,James,Trafford,Trafford,2,Goalkeeper,5.0,20260823T0423Z,mirror
598,a,,,4.5,424,91,0,0,0,0,0.0,532,182,0,0,0.0,254,102,0,0,0.0,254,102,0.0,0.0,0,79,79,24,24,1.7,1.7,0.0,0.0,0.0,0.0,0.0,0.0,0.0,0.0,0.0,98,64,0.0,98,64,0.0,98,64,0.0,98,64,,,,1,,Nico,Elvedi,Elvedi,,,0,0,0,0,0,0,0,0,0,0,0,0,0,,,,0,0.0,0.0,0.0,0.0,0,0,0,173774,598,Nico,Elvedi,Elvedi,2,Defender,4.5,20260823T0423Z,mirror
603,a,,,4.0,602,197,0,0,0,0,0.0,590,197,0,0,0.0,230,91,0,0,0.0,230,91,0.0,0.0,0,55,55,7,7,1.0,1.0,0.0,0.0,0.0,0.0,0.0,0.0,0.0,0.0,0.0,69,49,0.0,69,49,0.0,69,49,0.0,69,49,,,,1,,Jayden,Lienou,Lienou,,,0,0,0,0,0,0,0,0,0,0,0,0,0,,,,0,0.0,0.0,0.0,0.0,0,0,0,643970,603,Jayden,Lienou,Lienou,2,Defender,4.0,20260823T0423Z,mirror
604,a,,,4.5,519,260,0,0,0,0,0.0,592,257,0,0,0.0,327,103,0,0,0.0,327,103,0.0,0.0,0,69,69,5,5,1.0,1.0,0.0,0.0,0.0,0.0,0.0,0.0,0.0,0.0,0.0,193,22,0.0,193,22,0.0,193,22,0.0,193,22,,,,1,,Alfie,Cresswell,Cresswell,,,0,0,0,0,0,0,0,0,0,0,0,0,0,,,,0,0.0,0.0,0.0,0.0,0,0,0,592740,604,Alfie,Cresswell,Cresswell,2,Midfielder,4.5,20260823T0423Z,mirror
350,a,,,5.5,117,3,0,0,0,0,3.6,89,13,0,0,0.0,472,66,0,0,0.0,472,66,0.0,0.0,0,2509,2509,1856,1856,3.3,3.3,0.0,0.0,0.0,0.0,0.0,0.0,0.0,0.0,0.0,386,65,0.0,386,65,0.0,386,65,0.0,386,65,,,,1,,Alisson,Becker,A.Becker,,,0,0,0,0,0,0,0,0,0,0,0,0,0,,,,0,0.0,0.0,0.0,0.0,0,0,0,116535,350,Alisson,Becker,A.Becker,14,Goalkeeper,5.5,20260823T0423Z,mirror
351,a,,,5.0,307,17,0,0,0,0,0.2,377,40,0,0,0.0,401,63,0,0,0.0,401,63,0.0,0.0,0,162,162,214,214,2.6,2.6,0.0,0.0,0.0,0.0,0.0,0.0,0.0,0.0,0.0,290,59,0.0,290,59,0.0,290,59,0.0,290,59,,,,1,,Giorgi,Mamardashvili,Mamardashvili,,,0,0,0,0,0,0,0,0,0,0,0,0,0,,,,0,0.0,0.0,0.0,0.0,0,0,0,449027,351,Giorgi,Mamardashvili,Mamardashvili,14,Goalkeeper,5.0,20260823T0423Z,mirror
352,a,,,4.0,546,55,0,0,0,0,1.1,185,27,0,0,0.0,191,20,0,0,0.0,191,20,0.0,0.0,0,472,472,612,612,1.0,1.0,0.0,0.0,0.0,0.0,0.0,0.0,0.0,0.0,0.0,13,8,0.0,13,8,0.0,13,8,0.0,13,8,,,,1,,Freddie,Woodman,Woodman,,,0,0,0,0,0,0,0,0,0,0,0,0,0,,,,0,0.0,0.0,0.0,0.0,0,0,0,155503,352,Freddie,Woodman,Woodman,14,Goalkeeper,4.0,20260823T0423Z,mirror
353,u,0.0,0.0,4.0,596,67,0,0,0,0,0.0,520,61,0,0,0.0,226,32,0,0,0.0,226,32,0.0,0.0,0,0,0,120,120,0.0,0.0,0.0,0.0,0.0,0.0,0.0,0.0,0.0,0.0,0.0,63,20,0.0,63,20,0.0,63,20,0.0,63,20,,,,1,,Armin,Pecsi,Pecsi,Has joined TSV Hartberg on loan for the rest of the season,,0,0,0,0,0,0,0,0,0,0,0,0,0,,,,0,0.0,0.0,0.0,0.0,0,0,0,586268,353,Armin,Pecsi,Pecsi,14,Goalkeeper,4.0,20260823T0423Z,mirror
354,i,0.0,0.0,4.0,565,60,0,0,0,0,0.0,558,66,0,0,0.0,202,25,0,0,0.0,202,25,0.0,0.0,0,29,29,38,38,0.0,0.0,0.0,0.0,0.0,0.0,0.0,0.0,0.0,0.0,0.0,32,13,0.0,32,13,0.0,32,13,0.0,32,13,,,,1,,Vitezslav,Jaros,Jaros,Knee injury - Unknown return date,,0,0,0,0,0,0,0,0,0,0,0,0,0,,,,0,0.0,0.0,0.0,0.0,0,0,0,432987,354,Vitezslav,Jaros,Jaros,14,Goalkeeper,4.0,20260823T0423Z,mirror
355,a,,,4.0,575,63,0,0,0,0,0.1,392,42,0,0,0.0,207,28,0,0,0.0,207,28,0.0,0.0,0,126,126,75,75,1.0,1.0,0.0,0.0,0.0,0.0,0.0,0.0,0.0,0.0,0.0,42,16,0.0,42,16,0.0,42,16,0.0,42,16,,,,1,,Harvey,Davies,Davies,,,0,0,0,0,0,0,0,0,0,0,0,0,0,,,,0,0.0,0.0,0.0,0.0,0,0,0,464353,355,Harvey,Davies,Davies,14,Goalkeeper,4.0,20260823T0423Z,mirror
356,a,,,6.5,31,2,0,0,0,0,19.3,18,5,0,0,0.0,569,197,0,0,0.0,569,197,0.0,0.0,0,11239,11239,4537,4537,3.1,3.1,0.0,0.0,0.0,0.0,0.0,0.0,0.0,0.0,0.0,550,196,0.0,550,196,0.0,550,196,0.0,550,196,,,,1,,Virgil,van Dijk,Virgil,,,0,0,0,0,0,0,0,0,0,0,0,0,0,,,,0,0.0,0.0,0.0,0.0,0,0,0,97032,356,Virgil,van Dijk,Virgil,14,Defender,6.5,20260823T0423Z,mirror
357,a,,,5.5,142,15,0,0,0,0,3.5,92,37,0,0,0.0,489,180,0,0,0.0,489,180,0.0,0.0,0,4880,4880,1710,1710,2.5,2.5,0.0,0.0,0.0,0.0,0.0,0.0,0.0,0.0,0.0,411,170,0.0,411,170,0.0,411,170,0.0,411,170,,,,1,,Jeremie,Frimpong,Frimpong,,,0,0,0,0,0,0,0,0,0,0,0,0,0,,,,0,0.0,0.0,0.0,0.0,0,0,0,216094,357,Jeremie,Frimpong,Frimpong,14,Defender,5.5,20260823T0423Z,mirror
358,a,,,5.5,205,30,0,0,0,0,3.8,83,31,0,0,0.0,521,189,0,0,0.0,521,189,0.0,0.0,0,2980,2980,1700,1700,2.5,2.5,0.0,0.0,0.0,0.0,0.0,0.0,0.0,0.0,0.0,474,185,0.0,474,185,0.0,474,185,0.0,474,185,,,,1,,Milos,Kerkez,Kerkez,,,0,0,0,0,0,0,0,0,0,0,0,0,0,,,,0,0.0,0.0,0.0,0.0,0,0,0,544877,358,Milos,Kerkez,Kerkez,14,Defender,5.5,20260823T0423Z,mirror
359,i,0.0,0.0,5.0,248,40,0,0,0,0,0.0,543,188,0,0,0.0,359,147,0,0,0.0,359,147,0.0,0.0,0,26,26,101,101,0.0,0.0,0.0,0.0,0.0,0.0,0.0,0.0,0.0,0.0,0.0,231,127,0.0,231,127,0.0,231,127,0.0,231,127,,,,1,,Joe,Gomez,Gomez,Muscular injury - Unknown return date,,0,0,0,0,0,0,0,0,0,0,0,0,0,,,,0,0.0,0.0,0.0,0.0,0,0,0,171287,359,Joe,Gomez,Gomez,14,Defender,5.0,20260823T0423Z,mirror
360,i,0.0,0.0,5.0,337,68,0,0,0,0,0.0,570,193,0,0,0.0,428,169,0,0,0.0,428,169,0.0,0.0,0,16,16,47,47,0.0,0.0,0.0,0.0,0.0,0.0,0.0,0.0,0.0,0.0,0.0,320,155,0.0,320,155,0.0,320,155,0.0,320,155,,,,1,,Conor,Bradley,Bradley,Knee injury - Unknown return date,,0,0,0,0,0,0,0,0,0,0,0,0,0,,,,0,0.0,0.0,0.0,0.0,0,0,0,492777,360,Conor,Bradley,Bradley,14,Defender,5.0,20260823T0423Z,mirror
361,a,,,4.0,585,181,0,0,0,0,0.1,402,144,0,0,0.0,217,79,0,0,0.0,217,79,0.0,0.0,0,168,168,145,145,1.0,1.0,0.0,0.0,0.0,0.0,0.0,0.0,0.0,0.0,0.0,52,33,0.0,52,33,0.0,52,33,0.0,52,33,,,,1,,Wellity,Lucky,Lucky,,,0,0,0,0,0,0,0,0,0,0,0,0,0,,,,0,0.0,0.0,0.0,0.0,0,0,0,519440,361,Wellity,Lucky,Lucky,14,Defender,4.0,20260823T0423Z,mirror
362,a,100.0,100.0,5.0,380,75,0,0,0,0,2.3,117,49,0,0,0.0,456,174,0,0,0.0,456,174,0.0,0.0,0,3045,3045,929,929,2.2,2.2,0.0,0.0,0.0,0.0,0.0,0.0,0.0,0.0,0.0,363,162,0.0,363,162,0.0,363,162,0.0,363,162,,,,1,,Jeremy,Jacquet,Jacquet,,,0,0,0,0,0,0,0,0,0,0,0,0,0,,,,0,0.0,0.0,0.0,0.0,0,0,0,606702,362,Jeremy,Jacquet,Jacquet,14,Defender,5.0,20260823T0423Z,mirror
363,i,0.0,0.0,4.0,603,198,0,0,0,0,0.0,489,169,0,0,0.0,231,92,0,0,0.0,231,92,0.0,0.0,0,53,53,97,97,0.0,0.0,0.0,0.0,0.0,0.0,0.0,0.0,0.0,0.0,0.0,70,50,0.0,70,50,0.0,70,50,0.0,70,50,,,,1,,Giovanni,Leoni,Leoni,Knee injury - Unknown return date,,0,0,0,0,0,0,0,0,0,0,0,0,0,,,,0,0.0,0.0,0.0,0.0,0,0,0,647681,363,Giovanni,Leoni,Leoni,14,Defender,4.0,20260823T0423Z,mirror
364,a,,,5.0,268,44,0,0,0,0,0.1,447,158,0,0,0.0,370,150,0,0,0.0,370,150,0.0,0.0,0,111,111,62,62,2.2,2.2,0.0,0.0,0.0,0.0,0.0,0.0,0.0,0.0,0.0,251,131,0.0,251,131,0.0,251,131,0.0,251,131,,,,1,,Kostas,Tsimikas,Tsimikas,,,0,0,0,0,0,0,0,0,0,0,0,0,0,,,,0,0.0,0.0,0.0,0.0,0,0,0,214285,364,Kostas,Tsimikas,Tsimikas,14,Defender,5.0,20260823T0423Z,mirror
365,a,,,4.0,579,177,0,0,0,0,0.2,334,126,0,0,0.0,211,75,0,0,0.0,211,75,0.0,0.0,0,245,245,233,233,1.0,1.0,0.0,0.0,0.0,0.0,0.0,0.0,0.0,0.0,0.0,46,29,0.0,46,29,0.0,46,29,0.0,46,29,,,,1,,Calvin,Ramsay,Ramsay,,,0,0,0,0,0,0,0,0,0,0,0,0,0,,,,0,0.0,0.0,0.0,0.0,0,0,0,489580,365,Calvin,Ramsay,Ramsay,14,Defender,4.0,20260823T0423Z,mirror
366,a,,,7.5,20,12,0,0,0,0,12.7,32,10,0,0,0.0,596,263,0,0,0.0,596,263,0.0,0.0,0,5677,5677,4089,4089,2.6,2.6,0.0,0.0,0.0,0.0,0.0,0.0,0.0,0.0,0.0,590,258,0.0,590,258,0.0,590,258,0.0,590,258,3.0,2.0,4.0,1,,Florian,Wirtz,Wirtz,,,0,0,0,0,0,0,0,0,0,0,0,0,0,,,,0,0.0,0.0,0.0,0.0,0,0,0,494595,366,Florian,Wirtz,Wirtz,14,Midfielder,7.5,20260823T0423Z,mirror
367,a,,,7.0,26,17,0,0,0,0,3.6,90,30,0,0,0.0,587,257,0,0,0.0,587,257,0.0,0.0,0,2188,2188,1751,1751,2.5,2.5,0.0,0.0,0.0,0.0,0.0,0.0,0.0,0.0,0.0,578,251,0.0,578,251,0.0,578,251,0.0,578,251,2.0,,3.0,1,,Cody,Gakpo,Gakpo,,,0,0,0,0,0,0,0,0,0,0,0,0,0,,,,0,0.0,0.0,0.0,0.0,0,0,0,243298,367,Cody,Gakpo,Gakpo,14,Midfielder,7.0,20260823T0423Z,mirror
368,a,,,7.0,27,18,0,0,0,0,41.7,4,2,0,0,0.0,588,258,0,0,0.0,588,258,0.0,0.0,0,16323,16323,7367,7367,2.5,2.5,0.0,0.0,0.0,0.0,0.0,0.0,0.0,0.0,0.0,579,252,0.0,579,252,0.0,579,252,0.0,579,252,1.0,1.0,2.0,1,,Dominik,Szoboszlai,Szoboszlai,,,0,0,0,0,0,0,0,0,0,0,0,0,0,,,,0,0.0,0.0,0.0,0.0,0,0,0,424876,368,Dominik,Szoboszlai,Szoboszlai,14,Midfielder,7.0,20260823T0423Z,mirror
369,a,,,6.0,110,71,0,0,0,0,1.2,174,56,0,0,0.0,567,241,0,0,0.0,567,241,0.0,0.0,0,913,913,1029,1029,2.1,2.1,0.0,0.0,0.0,0.0,0.0,0.0,0.0,0.0,0.0,548,226,0.0,548,226,0.0,548,226,0.0,548,226,,,,1,,Rio,Ngumoha,Ngumoha,,,0,0,0,0,0,0,0,0,0,0,0,0,0,,,,0,0.0,0.0,0.0,0.0,0,0,0,611922,369,Rio,Ngumoha,Ngumoha,14,Midfielder,6.0,20260823T0423Z,mirror
370,a,,,5.5,144,89,0,0,0,0,0.1,391,151,0,0,0.0,491,197,0,0,0.0,491,197,0.0,0.0,0,191,191,230,230,2.0,2.0,0.0,0.0,0.0,0.0,0.0,0.0,0.0,0.0,0.0,413,145,0.0,413,145,0.0,413,145,0.0,413,145,,,,1,,Federico,Chiesa,Chiesa,,,0,0,0,0,0,0,0,0,0,0,0,0,0,,,,0,0.0,0.0,0.0,0.0,0,0,0,223541,370,Federico,Chiesa,Chiesa,14,Midfielder,5.5,20260823T0423Z,mirror
371,a,,,6.0,83,53,0,0,0,0,1.9,124,39,0,0,0.0,547,229,0,0,0.0,547,229,0.0,0.0,0,1713,1713,1735,1735,2.1,2.1,0.0,0.0,0.0,0.0,0.0,0.0,0.0,0.0,0.0,521,208,0.0,521,208,0.0,521,208,0.0,521,208,,,,1,,Ryan,Gravenberch,Gravenberch,,,0,0,0,0,0,0,0,0,0,0,0,0,0,,,,0,0.0,0.0,0.0,0.0,0,0,0,441266,371,Ryan,Gravenberch,Gravenberch,14,Midfielder,6.0,20260823T0423Z,mirror
372,a,,,5.5,150,93,0,0,0,0,1.8,137,42,0,0,0.0,495,200,0,0,0.0,495,200,0.0,0.0,0,1516,1516,1482,1482,2.0,2.0,0.0,0.0,0.0,0.0,0.0,0.0,0.0,0.0,0.0,419,149,0.0,419,149,0.0,419,149,0.0,419,149,,,5.0,1,,Alexis,Mac Allister,Mac Allister,,,0,0,0,0,0,0,0,0,0,0,0,0,0,,,,0,0.0,0.0,0.0,0.0,0,0,0,243016,372,Alexis,Mac Allister,Mac Allister,14,Midfielder,5.5,20260823T0423Z,mirror
373,d,75.0,75.0,5.5,137,84,0,0,0,0,0.0,481,198,0,0,0.0,486,193,0,0,0.0,486,193,0.0,0.0,0,15,15,292,292,1.5,1.5,0.0,0.0,0.0,0.0,0.0,0.0,0.0,0.0,0.0,406,140,0.0,406,140,0.0,406,140,0.0,406,140,,,,1,,Curtis,Jones,C.Jones,Hip injury - 75% chance of playing,,0,0,0,0,0,0,0,0,0,0,0,0,0,,,,0,0.0,0.0,0.0,0.0,0,0,0,206915,373,Curtis,Jones,C.Jones,14,Midfielder,5.5,20260823T0423Z,mirror
374,a,100.0,100.0,5.0,246,149,0,0,0,0,0.1,465,190,0,0,0.0,358,120,0,0,0.0,358,120,0.0,0.0,0,168,168,135,135,1.5,1.5,0.0,0.0,0.0,0.0,0.0,0.0,0.0,0.0,0.0,229,39,0.0,229,39,0.0,229,39,0.0,229,39,,,,1,,Endo,Wataru,Endo,,,0,0,0,0,0,0,0,0,0,0,0,0,0,,,,0,0.0,0.0,0.0,0.0,0,0,0,158983,374,Endo,Wataru,Endo,14,Midfielder,5.0,20260823T0423Z,mirror
375,a,,,5.0,379,226,0,0,0,0,0.0,493,205,0,0,0.0,455,176,0,0,0.0,455,176,0.0,0.0,0,45,45,62,62,1.5,1.5,0.0,0.0,0.0,0.0,0.0,0.0,0.0,0.0,0.0,362,116,0.0,362,116,0.0,362,116,0.0,362,116,,,,1,,Trey,Nyoni,Nyoni,,,0,0,0,0,0,0,0,0,0,0,0,0,0,,,,0,0.0,0.0,0.0,0.0,0,0,0,591386,375,Trey,Nyoni,Nyoni,14,Midfielder,5.0,20260823T0423Z,mirror
376,i,0.0,0.0,5.0,361,211,0,0,0,0,0.0,600,263,0,0,0.0,444,167,0,0,0.0,444,167,0.0,0.0,0,1,1,7,7,0.0,0.0,0.0,0.0,0.0,0.0,0.0,0.0,0.0,0.0,0.0,344,101,0.0,344,101,0.0,344,101,0.0,344,101,,,,1,,Stefan,Bajčetić Maquieira,Bajcetic,Hamstring injury - Expected back 23 Aug,,0,0,0,0,0,0,0,0,0,0,0,0,0,,,,0,0.0,0.0,0.0,0.0,0,0,0,535928,376,Stefan,Bajčetić Maquieira,Bajcetic,14,Midfielder,5.0,20260823T0423Z,mirror
377,a,,,6.5,54,38,0,0,0,0,0.6,244,80,0,0,0.0,583,253,0,0,0.0,583,253,0.0,0.0,0,384,384,660,660,2.3,2.3,0.0,0.0,0.0,0.0,0.0,0.0,0.0,0.0,0.0,573,246,0.0,573,246,0.0,573,246,0.0,573,246,,,,1,,Victor,Munoz,Munoz,,,0,0,0,0,0,0,0,0,0,0,0,0,0,,,,0,0.0,0.0,0.0,0.0,0,0,0,551499,377,Victor,Munoz,Munoz,14,Midfielder,6.5,20260823T0423Z,mirror
378,a,,,4.5,484,250,0,0,0,0,0.3,306,104,0,0,0.0,295,93,0,0,0.0,295,93,0.0,0.0,0,320,320,329,329,1.0,1.0,0.0,0.0,0.0,0.0,0.0,0.0,0.0,0.0,0.0,158,12,0.0,158,12,0.0,158,12,0.0,158,12,,,,1,,James,McConnell,McConnell,,,0,0,0,0,0,0,0,0,0,0,0,0,0,,,,0,0.0,0.0,0.0,0.0,0,0,0,491501,378,James,McConnell,McConnell,14,Midfielder,4.5,20260823T0423Z,mirror
379,a,,,9.0,5,2,0,0,0,0,16.9,24,5,0,0,0.0,602,71,0,0,0.0,602,71,0.0,0.0,0,6491,6491,4514,4514,2.7,2.7,0.0,0.0,0.0,0.0,0.0,0.0,0.0,0.0,0.0,600,71,0.0,600,71,0.0,600,71,0.0,600,71,,,1.0,1,,Alexander,Isak,Isak,,,0,0,0,0,0,0,0,0,0,0,0,0,0,,,,0,0.0,0.0,0.0,0.0,0,0,0,219168,379,Alexander,Isak,Isak,14,Forward,9.0,20260823T0423Z,mirror
380,i,0.0,0.0,7.5,21,8,0,0,0,0,0.2,374,57,0,0,0.0,597,68,0,0,0.0,597,68,0.0,0.0,0,156,156,851,851,0.0,0.0,0.0,0.0,0.0,0.0,0.0,0.0,0.0,0.0,0.0,591,68,0.0,591,68,0.0,591,68,0.0,591,68,,,,1,,Hugo,Ekitiké,Ekitiké,Achilles injury - Unknown return date,,0,0,0,0,0,0,0,0,0,0,0,0,0,,,,0,0.0,0.0,0.0,0.0,0,0,0,510663,380,Hugo,Ekitiké,Ekitiké,14,Forward,7.5,20260823T0423Z,mirror
381,a,,,5.0,355,206,0,0,0,0,0.0,547,225,0,0,0.0,440,163,0,0,0.0,440,163,0.0,0.0,0,12,12,18,18,1.5,1.5,0.0,0.0,0.0,0.0,0.0,0.0,0.0,0.0,0.0,338,96,0.0,338,96,0.0,338,96,0.0,338,96,,,,1,,Lewis,Koumas,Koumas,,,0,0,0,0,0,0,0,0,0,0,0,0,0,,,,0,0.0,0.0,0.0,0.0,0,0,0,514514,381,Lewis,Koumas,Koumas,14,Midfielder,5.0,20260823T0423Z,mirror
382,i,0.0,0.0,4.5,488,62,0,0,0,0,0.0,506,67,0,0,0.0,299,25,0,0,0.0,299,25,0.0,0.0,0,56,56,121,121,0.0,0.0,0.0,0.0,0.0,0.0,0.0,0.0,0.0,0.0,0.0,162,2,0.0,162,2,0.0,162,2,0.0,162,2,,,,1,,Jayden,Danns,Danns,Unspecified injury - Unknown return date,,0,0,0,0,0,0,0,0,0,0,0,0,0,,,,0,0.0,0.0,0.0,0.0,0,0,0,500058,382,Jayden,Danns,Danns,14,Forward,4.5,20260823T0423Z,mirror
383,a,,,5.5,166,104,0,0,0,0,0.1,449,180,0,0,0.0,500,202,0,0,0.0,500,202,0.0,0.0,0,76,76,109,109,2.0,2.0,0.0,0.0,0.0,0.0,0.0,0.0,0.0,0.0,0.0,435,160,0.0,435,160,0.0,435,160,0.0,435,160,,,,1,,Harvey,Elliott,Elliott,,,0,0,0,0,0,0,0,0,0,0,0,0,0,,,,0,0.0,0.0,0.0,0.0,0,0,0,444884,383,Harvey,Elliott,Elliott,14,Midfielder,5.5,20260823T0423Z,mirror
579,a,,,5.5,167,21,0,0,0,0,2.7,111,45,0,0,0.0,501,184,0,0,0.0,501,184,0.0,0.0,0,8485,8485,2275,2275,2.5,2.5,0.0,0.0,0.0,0.0,0.0,0.0,0.0,0.0,0.0,436,176,0.0,436,176,0.0,436,176,0.0,436,176,,,,1,,Ronald,Araujo,Araujo,,,0,0,0,0,0,0,0,0,0,0,0,0,0,,,,0,0.0,0.0,0.0,0.0,0,0,0,445087,579,Ronald,Araujo,Araujo,14,Defender,5.5,20260823T0423Z,mirror
238,a,100.0,100.0,6.5,32,20,0,0,0,0,0.2,347,124,0,0,0.0,570,243,0,0,0.0,570,243,0.0,0.0,0,233,233,268,268,2.3,2.3,0.0,0.0,0.0,0.0,0.0,0.0,0.0,0.0,0.0,551,228,0.0,551,228,0.0,551,228,0.0,551,228,,,,1,,Jack,Grealish,Grealish,,,0,0,0,0,0,0,0,0,0,0,0,0,0,,,,0,0.0,0.0,0.0,0.0,0,0,0,114283,238,Jack,Grealish,Grealish,43,Midfielder,6.5,20260823T0423Z,mirror
384,a,,,5.5,135,4,0,0,0,0,8.3,50,6,0,0,0.0,485,67,0,0,0.0,485,67,0.0,0.0,0,4149,4149,4197,4197,3.3,3.3,0.0,0.0,0.0,0.0,0.0,0.0,0.0,0.0,0.0,404,66,0.0,404,66,0.0,404,66,0.0,404,66,,,,1,,Gianluigi,Donnarumma,Donnarumma,,,0,0,0,0,0,0,0,0,0,0,0,0,0,,,,0,0.0,0.0,0.0,0.0,0,0,0,204936,384,Gianluigi,Donnarumma,Donnarumma,43,Goalkeeper,5.5,20260823T0423Z,mirror
386,a,,,4.5,414,30,0,0,0,0,0.0,523,62,0,0,0.0,246,41,0,0,0.0,246,41,0.0,0.0,0,47,47,39,39,1.9,1.9,0.0,0.0,0.0,0.0,0.0,0.0,0.0,0.0,0.0,88,29,0.0,88,29,0.0,88,29,0.0,88,29,,,,1,,Marcus,Bettinelli,Bettinelli,,,0,0,0,0,0,0,0,0,0,0,0,0,0,,,,0,0.0,0.0,0.0,0.0,0,0,0,122074,386,Marcus,Bettinelli,Bettinelli,43,Goalkeeper,4.5,20260823T0423Z,mirror
387,a,,,6.5,49,4,0,0,0,0,21.4,15,3,0,0,0.0,579,199,0,0,0.0,579,199,0.0,0.0,0,9157,9157,5817,5817,3.1,3.1,0.0,0.0,0.0,0.0,0.0,0.0,0.0,0.0,0.0,568,198,0.0,568,198,0.0,568,198,0.0,568,198,,,,1,,Nico,O'Reilly,O'Reilly,,,0,0,0,0,0,0,0,0,0,0,0,0,0,,,,0,0.0,0.0,0.0,0.0,0,0,0,472769,387,Nico,O'Reilly,O'Reilly,43,Defender,6.5,20260823T0423Z,mirror
388,a,,,6.0,69,6,0,0,0,0,17.1,23,8,0,0,0.0,541,193,0,0,0.0,541,193,0.0,0.0,0,7080,7080,5955,5955,2.8,2.8,0.0,0.0,0.0,0.0,0.0,0.0,0.0,0.0,0.0,507,191,0.0,507,191,0.0,507,191,0.0,507,191,,,,1,,Marc,Guéhi,Guéhi,,,0,0,0,0,0,0,0,0,0,0,0,0,0,,,,0,0.0,0.0,0.0,0.0,0,0,0,209036,388,Marc,Guéhi,Guéhi,43,Defender,6.0,20260823T0423Z,mirror
389,a,100.0,100.0,6.0,90,10,0,0,0,0,1.6,152,64,0,0,0.0,553,196,0,0,0.0,553,196,0.0,0.0,0,825,825,916,916,2.8,2.8,0.0,0.0,0.0,0.0,0.0,0.0,0.0,0.0,0.0,528,195,0.0,528,195,0.0,528,195,0.0,528,195,,,5.0,1,,Matheus,Nunes,Matheus N.,,,0,0,0,0,0,0,0,0,0,0,0,0,0,,,,0,0.0,0.0,0.0,0.0,0,0,0,465351,389,Matheus,Nunes,Matheus N.,43,Defender,6.0,20260823T0423Z,mirror
390,a,,,5.5,122,11,0,0,0,0,1.8,134,54,0,0,0.0,476,177,0,0,0.0,476,177,0.0,0.0,0,2559,2559,1064,1064,2.5,2.5,0.0,0.0,0.0,0.0,0.0,0.0,0.0,0.0,0.0,391,166,0.0,391,166,0.0,391,166,0.0,391,166,,,,1,,Rúben,dos Santos Gato Alves Dias,Rúben,,,0,0,0,0,0,0,0,0,0,0,0,0,0,,,,0,0.0,0.0,0.0,0.0,0,0,0,171314,390,Rúben,dos Santos Gato Alves Dias,Rúben,43,Defender,5.5,20260823T0423Z,mirror
391,a,,,5.5,183,26,0,0,0,0,11.1,35,12,0,0,0.0,511,187,0,0,0.0,511,187,0.0,0.0,0,11248,11248,3510,3510,2.5,2.5,0.0,0.0,0.0,0.0,0.0,0.0,0.0,0.0,0.0,452,181,0.0,452,181,0.0,452,181,0.0,452,181,,,,1,,Joško,Gvardiol,Gvardiol,,,0,0,0,0,0,0,0,0,0,0,0,0,0,,,,0,0.0,0.0,0.0,0.0,0,0,0,477424,391,Joško,Gvardiol,Gvardiol,43,Defender,5.5,20260823T0423Z,mirror
392,a,,,5.5,170,23,0,0,0,0,0.9,197,74,0,0,0.0,503,185,0,0,0.0,503,185,0.0,0.0,0,1012,1012,741,741,2.5,2.5,0.0,0.0,0.0,0.0,0.0,0.0,0.0,0.0,0.0,439,178,0.0,439,178,0.0,439,178,0.0,439,178,,,,1,,Rayan,Aït-Nouri,Aït-Nouri,,,0,0,0,0,0,0,0,0,0,0,0,0,0,,,,0,0.0,0.0,0.0,0.0,0,0,0,448514,392,Rayan,Aït-Nouri,Aït-Nouri,43,Defender,5.5,20260823T0423Z,mirror
393,a,,,5.5,217,33,0,0,0,0,1.8,136,55,0,0,0.0,528,191,0,0,0.0,528,191,0.0,0.0,0,1412,1412,1332,1332,2.5,2.5,0.0,0.0,0.0,0.0,0.0,0.0,0.0,0.0,0.0,486,188,0.0,486,188,0.0,486,188,0.0,486,188,,,,1,,Abdukodir,Khusanov,Khusanov,,,0,0,0,0,0,0,0,0,0,0,0,0,0,,,,0,0.0,0.0,0.0,0.0,0,0,0,578153,393,Abdukodir,Khusanov,Khusanov,43,Defender,5.5,20260823T0423Z,mirror
394,u,0.0,0.0,5.0,339,69,0,0,0,0,0.0,574,195,0,0,0.0,430,170,0,0,0.0,430,170,0.0,0.0,0,0,0,105,105,0.0,0.0,0.0,0.0,0.0,0.0,0.0,0.0,0.0,0.0,0.0,322,156,0.0,322,156,0.0,322,156,0.0,322,156,,,,1,,Max,Alleyne,Alleyne,Has joined Burnley on loan for the rest of the season,,0,0,0,0,0,0,0,0,0,0,0,0,0,,,,0,0.0,0.0,0.0,0.0,0,0,0,494307,394,Max,Alleyne,Alleyne,43,Defender,5.0,20260823T0423Z,mirror
395,a,,,4.5,476,128,0,0,0,0,0.2,336,128,0,0,0.0,290,128,0,0,0.0,290,128,0.0,0.0,0,490,490,242,242,1.7,1.7,0.0,0.0,0.0,0.0,0.0,0.0,0.0,0.0,0.0,150,101,0.0,150,101,0.0,150,101,0.0,150,101,,,,1,,Rico,Lewis,Lewis,,,0,0,0,0,0,0,0,0,0,0,0,0,0,,,,0,0.0,0.0,0.0,0.0,0,0,0,477064,395,Rico,Lewis,Lewis,43,Defender,4.5,20260823T0423Z,mirror
396,a,,,4.5,527,147,0,0,0,0,0.0,538,184,0,0,0.0,333,141,0,0,0.0,333,141,0.0,0.0,0,28,28,27,27,1.7,1.7,0.0,0.0,0.0,0.0,0.0,0.0,0.0,0.0,0.0,201,120,0.0,201,120,0.0,201,120,0.0,201,120,,,,1,,Vitor,de Oliveira Nunes dos Reis,Vitor Reis,,,0,0,0,0,0,0,0,0,0,0,0,0,0,,,,0,0.0,0.0,0.0,0.0,0,0,0,616222,396,Vitor,de Oliveira Nunes dos Reis,Vitor Reis,43,Defender,4.5,20260823T0423Z,mirror
397,a,,,8.5,6,4,0,0,0,0,26.2,10,4,0,0,0.0,601,265,0,0,0.0,601,265,0.0,0.0,0,7549,7549,5956,5956,2.9,2.9,0.0,0.0,0.0,0.0,0.0,0.0,0.0,0.0,0.0,599,263,0.0,599,263,0.0,599,263,0.0,599,263,,,3.0,1,,Antoine,Semenyo,Semenyo,,,0,0,0,0,0,0,0,0,0,0,0,0,0,,,,0,0.0,0.0,0.0,0.0,0,0,0,437730,397,Antoine,Semenyo,Semenyo,43,Midfielder,8.5,20260823T0423Z,mirror
398,a,,,7.0,25,16,0,0,0,0,4.4,73,24,0,0,0.0,586,256,0,0,0.0,586,256,0.0,0.0,0,2672,2672,2157,2157,2.5,2.5,0.0,0.0,0.0,0.0,0.0,0.0,0.0,0.0,0.0,577,250,0.0,577,250,0.0,577,250,0.0,577,250,3.0,3.0,,1,,Phil,Foden,Foden,,,0,0,0,0,0,0,0,0,0,0,0,0,0,,,,0,0.0,0.0,0.0,0.0,0,0,0,209244,398,Phil,Foden,Foden,43,Midfielder,7.0,20260823T0423Z,mirror
399,a,,,7.5,18,11,0,0,0,0,8.0,54,18,0,0,0.0,594,262,0,0,0.0,594,262,0.0,0.0,0,5110,5110,4688,4688,2.6,2.6,0.0,0.0,0.0,0.0,0.0,0.0,0.0,0.0,0.0,588,257,0.0,588,257,0.0,588,257,0.0,588,257,1.0,1.0,,1,,Rayan,Cherki,Cherki,,,0,0,0,0,0,0,0,0,0,0,0,0,0,,,,0,0.0,0.0,0.0,0.0,0,0,0,466052,399,Rayan,Cherki,Cherki,43,Midfielder,7.5,20260823T0423Z,mirror
400,i,0.0,0.0,7.5,17,10,0,0,0,0,1.9,125,40,0,0,0.0,593,261,0,0,0.0,593,261,0.0,0.0,0,139,139,14965,14965,0.0,0.0,0.0,0.0,0.0,0.0,0.0,0.0,0.0,0.0,0.0,587,256,0.0,587,256,0.0,587,256,0.0,587,256,,,4.0,1,,Jérémy,Doku,Doku,Calf injury - Expected back 5 Sep,,0,0,0,0,0,0,0,0,0,0,0,0,0,,,,0,0.0,0.0,0.0,0.0,0,0,0,248875,400,Jérémy,Doku,Doku,43,Midfielder,7.5,20260823T0423Z,mirror
401,a,,,7.0,28,9,0,0,0,0,1.0,194,29,0,0,0.0,589,65,0,0,0.0,589,65,0.0,0.0,0,1815,1815,1430,1430,2.2,2.2,0.0,0.0,0.0,0.0,0.0,0.0,0.0,0.0,0.0,580,63,0.0,580,63,0.0,580,63,0.0,580,63,,2.0,2.0,1,,Omar,Marmoush,Marmoush,,,0,0,0,0,0,0,0,0,0,0,0,0,0,,,,0,0.0,0.0,0.0,0.0,0,0,0,438234,401,Omar,Marmoush,Marmoush,43,Forward,7.0,20260823T0423Z,mirror
402,u,0.0,0.0,6.5,38,26,0,0,0,0,0.0,536,221,0,0,0.0,572,245,0,0,0.0,572,245,0.0,0.0,0,0,0,291,291,0.0,0.0,0.0,0.0,0.0,0.0,0.0,0.0,0.0,0.0,0.0,557,234,0.0,557,234,0.0,557,234,0.0,557,234,,,,1,,Rodrigo 'Rodri',Hernandez Cascante,Rodrigo,Has joined Barcelona permanently,,0,0,0,0,0,0,0,0,0,0,0,0,0,,,,0,0.0,0.0,0.0,0.0,0,0,0,220566,402,Rodrigo 'Rodri',Hernandez Cascante,Rodrigo,43,Midfielder,6.5,20260823T0423Z,mirror
403,a,,,6.5,51,36,0,0,0,0,0.3,301,101,0,0,0.0,581,252,0,0,0.0,581,252,0.0,0.0,0,745,745,425,425,2.3,2.3,0.0,0.0,0.0,0.0,0.0,0.0,0.0,0.0,0.0,570,244,0.0,570,244,0.0,570,244,0.0,570,244,,,,1,,Sávio,Moreira de Oliveira,Savinho,,,0,0,0,0,0,0,0,0,0,0,0,0,0,,,,0,0.0,0.0,0.0,0.0,0,0,0,510281,403,Sávio,Moreira de Oliveira,Savinho,43,Midfielder,6.5,20260823T0423Z,mirror
404,u,0.0,0.0,6.0,78,50,0,0,0,0,0.1,422,166,0,0,0.0,545,228,0,0,0.0,545,228,0.0,0.0,0,0,0,1976,1976,0.0,0.0,0.0,0.0,0.0,0.0,0.0,0.0,0.0,0.0,0.0,516,205,0.0,516,205,0.0,516,205,0.0,516,205,,,,1,,Tijjani,Reijnders,Reijnders,Has joined Al Qadsiah permanently,,0,0,0,0,0,0,0,0,0,0,0,0,0,,,,0,0.0,0.0,0.0,0.0,0,0,0,433036,404,Tijjani,Reijnders,Reijnders,43,Midfielder,6.0,20260823T0423Z,mirror
405,a,,,5.5,177,107,0,0,0,0,0.1,389,149,0,0,0.0,508,204,0,0,0.0,508,204,0.0,0.0,0,53,53,155,155,2.0,2.0,0.0,0.0,0.0,0.0,0.0,0.0,0.0,0.0,0.0,446,163,0.0,446,163,0.0,446,163,0.0,446,163,,,,1,,Nico,González Iglesias,N.Gonzalez,,,0,0,0,0,0,0,0,0,0,0,0,0,0,,,,0,0.0,0.0,0.0,0.0,0,0,0,465694,405,Nico,González Iglesias,N.Gonzalez,43,Midfielder,5.5,20260823T0423Z,mirror
406,a,,,5.5,115,75,0,0,0,0,0.1,448,179,0,0,0.0,471,187,0,0,0.0,471,187,0.0,0.0,0,156,156,113,113,2.0,2.0,0.0,0.0,0.0,0.0,0.0,0.0,0.0,0.0,0.0,384,131,0.0,384,131,0.0,384,131,0.0,384,131,,,,1,,Mateo,Kovačić,Kovačić,,,0,0,0,0,0,0,0,0,0,0,0,0,0,,,,0,0.0,0.0,0.0,0.0,0,0,0,91651,406,Mateo,Kovačić,Kovačić,43,Midfielder,5.5,20260823T0423Z,mirror
407,a,,,5.0,376,223,0,0,0,0,0.0,545,223,0,0,0.0,454,175,0,0,0.0,454,175,0.0,0.0,0,30,30,26,26,1.5,1.5,0.0,0.0,0.0,0.0,0.0,0.0,0.0,0.0,0.0,359,113,0.0,359,113,0.0,359,113,0.0,359,113,,,,1,,Claudio,Echeverri,Echeverri,,,0,0,0,0,0,0,0,0,0,0,0,0,0,,,,0,0.0,0.0,0.0,0.0,0,0,0,575204,407,Claudio,Echeverri,Echeverri,43,Midfielder,5.0,20260823T0423Z,mirror
408,u,0.0,0.0,5.0,243,146,0,0,0,0,0.0,575,243,0,0,0.0,355,117,0,0,0.0,355,117,0.0,0.0,0,0,0,90,90,0.0,0.0,0.0,0.0,0.0,0.0,0.0,0.0,0.0,0.0,0.0,226,36,0.0,226,36,0.0,226,36,0.0,226,36,,,,1,,Kalvin,Phillips,Phillips,Has joined Sheffield United on loan for the rest of the season,,0,0,0,0,0,0,0,0,0,0,0,0,0,,,,0,0.0,0.0,0.0,0.0,0,0,0,155405,408,Kalvin,Phillips,Phillips,43,Midfielder,5.0,20260823T0423Z,mirror
409,a,,,4.5,518,259,0,0,0,0,0.2,353,127,0,0,0.0,326,102,0,0,0.0,326,102,0.0,0.0,0,378,378,319,319,1.0,1.0,0.0,0.0,0.0,0.0,0.0,0.0,0.0,0.0,0.0,192,21,0.0,192,21,0.0,192,21,0.0,192,21,,,,1,,Divine,Mukasa,Mukasa,,,0,0,0,0,0,0,0,0,0,0,0,0,0,,,,0,0.0,0.0,0.0,0.0,0,0,0,590039,409,Divine,Mukasa,Mukasa,43,Midfielder,4.5,20260823T0423Z,mirror
410,a,,,5.0,391,234,0,0,0,0,0.0,552,228,0,0,0.0,465,182,0,0,0.0,465,182,0.0,0.0,0,31,31,42,42,1.5,1.5,0.0,0.0,0.0,0.0,0.0,0.0,0.0,0.0,0.0,374,124,0.0,374,124,0.0,374,124,0.0,374,124,,,,1,,Jeremy,Monga,Monga,,,0,0,0,0,0,0,0,0,0,0,0,0,0,,,,0,0.0,0.0,0.0,0.0,0,0,0,649208,410,Jeremy,Monga,Monga,43,Midfielder,5.0,20260823T0423Z,mirror
411,a,,,15.5,1,1,0,0,0,0,69.2,1,1,0,0,0.0,604,72,0,0,0.0,604,72,0.0,0.0,0,8569,8569,3078,3078,4.0,4.0,0.0,0.0,0.0,0.0,0.0,0.0,0.0,0.0,0.0,604,72,0.0,604,72,0.0,604,72,0.0,604,72,,,1.0,1,,Erling,Haaland,Haaland,,,0,0,0,0,0,0,0,0,0,0,0,0,0,,,,0,0.0,0.0,0.0,0.0,0,0,0,223094,411,Erling,Haaland,Haaland,43,Forward,15.5,20260823T0423Z,mirror
481,a,,,6.5,36,24,0,0,0,0,7.9,55,19,0,0,0.0,571,244,0,0,0.0,571,244,0.0,0.0,0,3269,3269,6170,6170,2.3,2.3,0.0,0.0,0.0,0.0,0.0,0.0,0.0,0.0,0.0,555,232,0.0,555,232,0.0,555,232,0.0,555,232,2.0,,,1,,Elliot,Anderson,Anderson,,,0,0,0,0,0,0,0,0,0,0,0,0,0,,,,0,0.0,0.0,0.0,0.0,0,0,0,215379,481,Elliot,Anderson,Anderson,43,Midfielder,6.5,20260823T0423Z,mirror
587,a,,,5.0,234,8,0,0,0,0,0.0,541,64,0,0,0.0,347,57,0,0,0.0,347,57,0.0,0.0,0,27,27,28,28,2.6,2.6,0.0,0.0,0.0,0.0,0.0,0.0,0.0,0.0,0.0,217,50,0.0,217,50,0.0,217,50,0.0,217,50,,,,1,,Gerónimo,Rulli,Rulli,,,0,0,0,0,0,0,0,0,0,0,0,0,0,,,,0,0.0,0.0,0.0,0.0,0,0,0,106921,587,Gerónimo,Rulli,Rulli,43,Goalkeeper,5.0,20260823T0423Z,mirror
43,a,100.0,100.0,6.0,62,41,0,0,0,0,2.6,112,36,2,2,2.0,96,48,0,13,2.0,96,48,0.3,0.3,0,3511,3511,4073,4073,2.1,2.1,0.04,0.11,0.15,1.18,0.05,0.15,0.2,1.61,0.0,500,196,0.0,500,196,0.0,500,196,0.0,500,196,,,3.0,1,,Youri,Tielemans,Tielemans,,,66,0,0,0,2,0,0,0,0,0,0,1,5,,,,0,0.0,2.73,1.36,6.82,0,0,5,166989,43,Youri,Tielemans,Tielemans,1,Midfielder,6.0,20260823T0423Z,mirror
162,a,,,5.0,358,208,0,0,0,0,1.1,187,62,2,2,2.0,87,40,0,17,2.0,87,40,0.4,0.4,0,1924,1924,1912,1912,1.5,1.5,0.0,0.23,0.23,1.18,0.0,0.31,0.31,1.61,0.0,341,98,0.0,341,98,0.0,341,98,0.0,341,98,,,,1,,Andrey,Nascimento dos Santos,Andrey Santos,,,66,0,0,0,2,0,0,0,0,0,0,1,9,,,,0,0.0,2.73,1.36,12.27,1,3,5,532605,162,Andrey,Nascimento dos Santos,Andrey Santos,1,Midfielder,5.0,20260823T0423Z,mirror
325,a,100.0,75.0,4.5,399,22,0,0,0,0,0.0,507,56,0,0,0.0,234,33,0,0,0.0,234,33,0.0,0.0,0,27,27,41,41,1.9,1.4,0.0,0.0,0.0,0.0,0.0,0.0,0.0,0.0,0.0,73,21,0.0,73,21,0.0,73,21,0.0,73,21,,,,1,,Karl,Darlow,Darlow,,,0,0,0,0,0,0,0,0,0,0,0,0,0,,,,0,0.0,0.0,0.0,0.0,0,0,0,59735,325,Karl,Darlow,Darlow,1,Goalkeeper,4.5,20260823T0423Z,mirror
412,a,,,5.0,316,18,0,0,0,0,16.5,25,5,1,1,1.0,137,11,0,6,1.0,137,11,0.2,0.2,0,4801,4801,11885,11885,2.6,2.6,0.0,0.0,0.0,1.26,0.0,0.0,0.0,1.26,0.0,299,60,0.0,299,60,0.0,299,60,0.0,299,60,,,,1,,Senne,Lammens,Lammens,,,90,0,0,0,2,0,0,0,0,0,2,1,0,,,,2,0.0,2.0,1.0,0.0,0,2,8,465247,412,Senne,Lammens,Lammens,1,Goalkeeper,5.0,20260823T0423Z,mirror
413,u,0.0,0.0,4.5,464,37,0,0,0,0,0.0,534,63,0,0,0.0,283,47,0,0,0.0,283,47,0.0,0.0,0,0,0,187,187,0.0,0.0,0.0,0.0,0.0,0.0,0.0,0.0,0.0,0.0,0.0,138,36,0.0,138,36,0.0,138,36,0.0,138,36,,,,1,,Altay,Bayındır,Bayindir,Has joined Celta Vigo on loan for the rest of the season,,0,0,0,0,0,0,0,0,0,0,0,0,0,,,,0,0.0,0.0,0.0,0.0,0,0,0,451302,413,Altay,Bayındır,Bayindir,1,Goalkeeper,4.5,20260823T0423Z,mirror
414,i,0.0,0.0,4.0,534,48,0,0,0,0,0.1,424,47,0,0,0.0,181,13,0,0,0.0,181,13,0.0,0.0,0,33,33,241,241,0.0,0.0,0.0,0.0,0.0,0.0,0.0,0.0,0.0,0.0,0.0,1,1,0.0,1,1,0.0,1,1,0.0,1,1,,,,1,,Tom,Heaton,Heaton,Hamstring injury - Unknown return date,,0,0,0,0,0,0,0,0,0,0,0,0,0,,,,0,0.0,0.0,0.0,0.0,0,0,0,21205,414,Tom,Heaton,Heaton,1,Goalkeeper,4.0,20260823T0423Z,mirror
415,a,,,6.0,108,69,0,0,0,0,1.3,170,53,0,0,0.0,565,239,0,-11,0.0,565,239,0.0,0.0,0,1541,1541,3780,3780,2.1,2.1,0.47,0.03,0.5,1.16,0.94,0.06,1.0,2.32,0.0,546,224,0.0,546,224,0.0,546,224,0.0,546,224,,,,1,,Patrick,Dorgu,Dorgu,,,45,0,0,0,2,0,0,0,1,0,0,1,0,,,,0,0.0,4.0,2.0,0.0,0,0,0,596777,415,Patrick,Dorgu,Dorgu,1,Midfielder,6.0,20260823T0423Z,mirror
416,i,0.0,0.0,5.0,263,43,0,0,0,0,0.0,527,178,0,0,0.0,368,149,0,0,0.0,368,149,0.0,0.0,0,43,43,120,120,0.0,0.0,0.0,0.0,0.0,0.0,0.0,0.0,0.0,0.0,0.0,246,130,0.0,246,130,0.0,246,130,0.0,246,130,,,,1,,Matthijs,de Ligt,De Ligt,Back injury - Unknown return date,,0,0,0,0,0,0,0,0,0,0,0,0,0,,,,0,0.0,0.0,0.0,0.0,0,0,0,209365,416,Matthijs,de Ligt,De Ligt,1,Defender,5.0,20260823T0423Z,mirror
417,a,,,5.0,271,46,0,0,0,0,2.8,109,44,1,1,1.0,136,57,0,6,1.0,136,57,0.2,0.2,0,2551,2551,4385,4385,2.2,2.2,0.0,0.0,0.0,0.0,0.0,0.0,0.0,0.0,0.0,254,133,0.0,254,133,0.0,254,133,0.0,254,133,,,,1,,Diogo,Dalot Teixeira,Dalot,,,10,0,0,0,0,0,0,0,0,0,0,0,3,,,,0,0.0,0.0,0.0,27.0,2,1,1,216051,417,Diogo,Dalot Teixeira,Dalot,1,Defender,5.0,20260823T0423Z,mirror
418,a,,,5.0,230,36,0,0,0,0,18.2,20,7,1,1,1.0,131,55,0,15,1.0,131,55,0.2,0.2,0,11367,11367,10783,10783,2.2,2.2,0.04,0.4,0.44,1.26,0.04,0.4,0.44,1.26,0.0,213,123,0.0,213,123,0.0,213,123,0.0,213,123,,,,1,,Harry,Maguire,Maguire,,,90,0,0,0,2,0,0,0,0,0,0,1,4,,,,0,0.0,2.0,1.0,4.0,0,4,5,95658,418,Harry,Maguire,Maguire,1,Defender,5.0,20260823T0423Z,mirror
419,a,100.0,100.0,5.0,277,49,0,0,0,0,1.4,163,68,0,0,0.0,376,153,0,0,0.0,376,153,0.0,0.0,0,2768,2768,2778,2778,2.2,2.2,0.0,0.0,0.0,0.0,0.0,0.0,0.0,0.0,0.0,260,136,0.0,260,136,0.0,260,136,0.0,260,136,,,,1,,Lisandro,Martínez,Martinez,,,0,0,0,0,0,0,0,0,0,0,0,0,0,,,,0,0.0,0.0,0.0,0.0,0,0,0,221820,419,Lisandro,Martínez,Martinez,1,Defender,5.0,20260823T0423Z,mirror
420,a,,,5.0,370,73,0,0,0,0,0.7,219,84,0,0,0.0,450,173,0,0,0.0,450,173,0.0,0.0,0,620,620,1566,1566,2.2,2.2,0.0,0.0,0.0,0.0,0.0,0.0,0.0,0.0,0.0,353,160,0.0,353,160,0.0,353,160,0.0,353,160,,,,1,,Leny,Yoro,Yoro,,,0,0,0,0,0,0,0,0,0,0,0,0,0,,,,0,0.0,0.0,0.0,0.0,0,0,0,550864,420,Leny,Yoro,Yoro,1,Defender,5.0,20260823T0423Z,mirror
421,a,,,4.5,524,145,0,0,0,0,0.4,274,101,1,1,1.0,130,54,0,5,1.0,130,54,0.2,0.2,0,802,802,545,545,1.7,1.7,0.12,0.04,0.16,1.26,0.12,0.04,0.16,1.26,0.0,198,118,0.0,198,118,0.0,198,118,0.0,198,118,,,,1,,Ayden,Heaven,Heaven,,,90,0,0,0,2,0,0,0,0,0,0,1,2,,,,0,0.0,2.0,1.0,2.0,1,1,4,606745,421,Ayden,Heaven,Heaven,1,Defender,4.5,20260823T0423Z,mirror
422,a,,,4.5,444,107,0,0,0,0,0.7,230,88,1,1,1.0,119,46,0,8,1.0,119,46,0.2,0.2,0,1330,1330,848,848,1.7,1.7,0.23,0.05,0.28,1.26,0.26,0.06,0.32,1.44,0.0,118,80,0.0,118,80,0.0,118,80,0.0,118,80,,,,1,,Noussair,Mazraoui,Mazraoui,,,79,0,0,0,2,0,0,0,0,0,0,1,5,,,,0,0.0,2.28,1.14,5.7,1,4,3,230001,422,Noussair,Mazraoui,Mazraoui,1,Defender,4.5,20260823T0423Z,mirror
423,a,,,4.5,408,83,0,0,0,0,21.3,16,4,1,1,1.0,117,44,0,11,1.0,117,44,0.2,0.2,0,10540,10540,12159,12159,1.7,1.7,0.0,0.26,0.26,1.26,0.0,0.26,0.26,1.26,0.0,82,56,0.0,82,56,0.0,82,56,0.0,82,56,3.0,,,1,,Luke,Shaw,Shaw,,,90,0,0,0,2,0,0,0,0,0,0,1,4,,,,0,0.0,2.0,1.0,4.0,1,3,3,106760,423,Luke,Shaw,Shaw,1,Defender,4.5,20260823T0423Z,mirror
424,a,,,4.0,594,190,0,0,0,0,0.2,344,132,0,0,0.0,224,86,0,0,0.0,224,86,0.0,0.0,0,244,244,309,309,1.0,1.0,0.0,0.0,0.0,0.0,0.0,0.0,0.0,0.0,0.0,61,42,0.0,61,42,0.0,61,42,0.0,61,42,,,,1,,Harry,Amass,Amass,,,0,0,0,0,0,0,0,0,0,0,0,0,0,,,,0,0.0,0.0,0.0,0.0,0,0,0,577974,424,Harry,Amass,Amass,1,Defender,4.0,20260823T0423Z,mirror
425,u,0.0,0.0,4.0,589,185,0,0,0,0,0.0,530,181,0,0,0.0,220,82,0,0,0.0,220,82,0.0,0.0,0,0,0,209,209,0.0,0.0,0.0,0.0,0.0,0.0,0.0,0.0,0.0,0.0,0.0,56,37,0.0,56,37,0.0,56,37,0.0,56,37,,,,1,,Tyler,Fredricson,Fredricson,Has joined Lausanne-Sport permanently,,0,0,0,0,0,0,0,0,0,0,0,0,0,,,,0,0.0,0.0,0.0,0.0,0,0,0,547676,425,Tyler,Fredricson,Fredricson,1,Defender,4.0,20260823T0423Z,mirror
426,a,,,12.0,2,1,0,0,0,0,51.4,3,1,2,2,2.0,106,54,0,18,2.0,106,54,0.2,0.2,0,5013,5013,17475,17475,4.0,4.0,0.07,0.26,0.33,1.26,0.07,0.26,0.33,1.26,0.0,603,266,0.0,603,266,0.0,603,266,0.0,603,266,1.0,1.0,1.0,1,,Bruno,Borges Fernandes,B.Fernandes,,,90,0,0,0,2,0,0,0,0,0,0,1,6,,,,0,0.0,2.0,1.0,6.0,0,1,5,141746,426,Bruno,Borges Fernandes,B.Fernandes,1,Midfielder,12.0,20260823T0423Z,mirror
427,a,,,8.0,11,7,0,0,0,0,38.4,6,3,2,2,2.0,105,53,0,12,2.0,105,53,0.2,0.2,0,9339,9339,17688,17688,2.8,2.8,0.5,0.23,0.73,1.26,0.5,0.23,0.73,1.26,0.0,597,262,0.0,597,262,0.0,597,262,0.0,597,262,2.0,2.0,2.0,1,,Bryan,Mbeumo,Mbeumo,,,90,0,0,0,2,0,0,0,0,0,0,1,4,,,,0,0.0,2.0,1.0,4.0,0,0,4,446008,427,Bryan,Mbeumo,Mbeumo,1,Midfielder,8.0,20260823T0423Z,mirror
428,a,,,8.0,10,6,0,0,0,0,10.1,41,15,2,2,2.0,104,52,0,14,2.0,104,52,0.2,0.2,0,3935,3935,9201,9201,2.8,2.8,0.24,0.21,0.45,1.26,0.27,0.24,0.51,1.44,0.0,596,261,0.0,596,261,0.0,596,261,0.0,596,261,,,,1,,Matheus,Santos Carneiro da Cunha,Cunha,,,79,0,0,0,2,0,0,0,0,0,0,1,3,,,,0,0.0,2.28,1.14,3.42,0,0,3,430871,428,Matheus,Santos Carneiro da Cunha,Cunha,1,Midfielder,8.0,20260823T0423Z,mirror
429,a,,,7.0,23,14,0,0,0,0,1.6,145,43,1,1,1.0,179,84,0,9,1.0,179,84,0.1,0.1,0,2856,2856,2870,2870,2.5,2.5,0.0,0.1,0.1,0.1,0.0,0.2,0.2,0.2,0.0,575,248,0.0,575,248,0.0,575,248,0.0,575,248,,,,1,,Marcus,Rashford,Rashford,,,45,0,0,0,0,0,0,0,0,0,0,0,1,,,,0,0.0,0.0,0.0,2.0,0,0,1,176297,429,Marcus,Rashford,Rashford,1,Midfielder,7.0,20260823T0423Z,mirror
430,d,50.0,50.0,5.5,128,79,0,0,0,0,0.0,514,214,0,0,0.0,482,191,0,0,0.0,482,191,0.0,0.0,0,8,8,151,151,1.0,1.0,0.0,0.0,0.0,0.0,0.0,0.0,0.0,0.0,0.0,397,135,0.0,397,135,0.0,397,135,0.0,397,135,,3.0,,1,,Mason,Mount,Mount,Foot injury - 50% chance of playing,,0,0,0,0,0,0,0,0,0,0,0,0,0,,,,0,0.0,0.0,0.0,0.0,0,0,0,184341,430,Mason,Mount,Mount,1,Midfielder,5.5,20260823T0423Z,mirror
431,d,75.0,,6.0,96,61,0,0,0,0,1.6,153,45,0,0,0.0,556,234,0,0,0.0,556,234,0.0,0.0,0,1192,1192,7789,7789,1.6,2.1,0.0,0.0,0.0,0.0,0.0,0.0,0.0,0.0,0.0,534,216,0.0,534,216,0.0,534,216,0.0,534,216,4.0,,,1,,Amad,Diallo,Amad,Unspecified injury - 75% chance of playing,,0,0,0,0,0,0,0,0,0,0,0,0,0,,,,0,0.0,0.0,0.0,0.0,0,0,0,493250,431,Amad,Diallo,Amad,1,Midfielder,6.0,20260823T0423Z,mirror
432,a,,,5.5,201,125,0,0,0,0,1.0,190,63,1,1,1.0,162,71,0,7,1.0,162,71,0.2,0.2,0,727,727,2150,2150,2.0,2.0,0.07,0.01,0.08,0.08,0.27,0.04,0.31,0.31,0.0,470,181,0.0,470,181,0.0,470,181,0.0,470,181,,,,1,,Kobbie,Mainoo,Mainoo,,,23,0,0,0,0,0,0,0,0,0,0,0,1,,,,0,0.0,0.0,0.0,3.91,0,0,1,516895,432,Kobbie,Mainoo,Mainoo,1,Midfielder,5.5,20260823T0423Z,mirror
433,i,0.0,0.0,5.0,285,169,0,0,0,0,0.0,594,259,0,0,0.0,383,133,0,0,0.0,383,133,0.0,0.0,0,7,7,29,29,0.0,0.0,0.0,0.0,0.0,0.0,0.0,0.0,0.0,0.0,0.0,268,59,0.0,268,59,0.0,268,59,0.0,268,59,,,,1,,Manuel,Ugarte Ribeiro,Ugarte,Knee injury - Unknown return date,,0,0,0,0,0,0,0,0,0,0,0,0,0,,,,0,0.0,0.0,0.0,0.0,0,0,0,232112,433,Manuel,Ugarte Ribeiro,Ugarte,1,Midfielder,5.0,20260823T0423Z,mirror
434,a,,,5.0,367,217,0,0,0,0,0.0,567,239,0,0,0.0,448,171,0,0,0.0,448,171,0.0,0.0,0,16,16,19,19,1.5,1.5,0.0,0.0,0.0,0.0,0.0,0.0,0.0,0.0,0.0,350,107,0.0,350,107,0.0,350,107,0.0,350,107,,,,1,,Jack,Fletcher,J.Fletcher,,,0,0,0,0,0,0,0,0,0,0,0,0,0,,,,0,0.0,0.0,0.0,0.0,0,0,0,547037,434,Jack,Fletcher,J.Fletcher,1,Midfielder,5.0,20260823T0423Z,mirror
435,a,,,5.0,377,224,0,0,0,0,0.0,484,200,1,1,1.0,145,62,0,3,1.0,145,62,0.2,0.2,0,54,54,82,82,1.5,1.5,0.0,0.0,0.0,0.0,0.0,0.0,0.0,0.0,0.0,360,114,0.0,360,114,0.0,360,114,0.0,360,114,,,,1,,Shea,Lacey,Lacey,,,10,0,0,0,0,0,0,0,0,0,0,0,1,,,,0,0.0,0.0,0.0,9.0,0,0,1,576628,435,Shea,Lacey,Lacey,1,Midfielder,5.0,20260823T0423Z,mirror
436,a,,,5.0,335,195,0,0,0,0,0.0,549,226,0,0,0.0,426,157,0,0,0.0,426,157,0.0,0.0,0,17,17,44,44,1.5,1.5,0.0,0.0,0.0,0.0,0.0,0.0,0.0,0.0,0.0,318,85,0.0,318,85,0.0,318,85,0.0,318,85,,,,1,,Toby,Collyer,Collyer,,,0,0,0,0,0,0,0,0,0,0,0,0,0,,,,0,0.0,0.0,0.0,0.0,0,0,0,490881,436,Toby,Collyer,Collyer,1,Midfielder,5.0,20260823T0423Z,mirror
437,a,,,4.5,514,257,0,0,0,0,0.2,361,130,0,0,0.0,322,100,0,0,0.0,322,100,0.0,0.0,0,348,348,367,367,1.0,1.0,0.0,0.0,0.0,0.0,0.0,0.0,0.0,0.0,0.0,188,19,0.0,188,19,0.0,188,19,0.0,188,19,,,,1,,Bendito,Mantato,Bendito Mantato,,,0,0,0,0,0,0,0,0,0,0,0,0,0,,,,0,0.0,0.0,0.0,0.0,0,0,0,576620,437,Bendito,Mantato,Bendito Mantato,1,Midfielder,4.5,20260823T0423Z,mirror
438,a,,,4.5,496,253,0,0,0,0,0.4,282,94,0,0,0.0,306,96,0,0,0.0,306,96,0.0,0.0,0,469,469,606,606,1.0,1.0,0.0,0.0,0.0,0.0,0.0,0.0,0.0,0.0,0.0,170,15,0.0,170,15,0.0,170,15,0.0,170,15,,,,1,,Tyler,Fletcher,Fletcher,,,0,0,0,0,0,0,0,0,0,0,0,0,0,,,,0,0.0,0.0,0.0,0.0,0,0,0,519913,438,Tyler,Fletcher,Fletcher,1,Midfielder,4.5,20260823T0423Z,mirror
439,a,100.0,75.0,7.0,30,10,0,0,0,0,1.4,165,24,1,1,1.0,180,23,0,2,1.0,180,23,0.1,0.1,0,2271,2271,2115,2115,2.2,1.7,0.04,0.0,0.04,0.08,0.16,0.0,0.16,0.31,0.0,582,64,0.0,582,64,0.0,582,64,0.0,582,64,,,,1,,Benjamin,Sesko,Šeško,,,23,0,0,0,0,0,0,0,0,0,0,0,0,,,,0,0.0,0.0,0.0,0.0,0,0,0,485711,439,Benjamin,Sesko,Šeško,1,Forward,7.0,20260823T0423Z,mirror
440,a,,,5.5,172,39,0,0,0,0,0.6,237,37,0,0,0.0,504,49,0,0,0.0,504,49,0.0,0.0,0,715,715,1857,1857,1.8,1.8,0.0,0.0,0.0,0.0,0.0,0.0,0.0,0.0,0.0,441,35,0.0,441,35,0.0,441,35,0.0,441,35,,,,1,,Joshua,Zirkzee,Zirkzee,,,0,0,0,0,0,0,0,0,0,0,0,0,0,,,,0,0.0,0.0,0.0,0.0,0,0,0,458249,440,Joshua,Zirkzee,Zirkzee,1,Forward,5.5,20260823T0423Z,mirror
441,a,,,4.5,521,70,0,0,0,0,1.2,180,27,0,0,0.0,329,32,0,0,0.0,329,32,0.0,0.0,0,1102,1102,1622,1622,1.0,1.0,0.0,0.0,0.0,0.0,0.0,0.0,0.0,0.0,0.0,195,10,0.0,195,10,0.0,195,10,0.0,195,10,,,,1,,Chido,Obi,Obi,,,0,0,0,0,0,0,0,0,0,0,0,0,0,,,,0,0.0,0.0,0.0,0.0,0,0,0,596047,441,Chido,Obi,Obi,1,Forward,4.5,20260823T0423Z,mirror
442,a,,,5.0,231,6,0,0,0,0,1.4,169,24,0,0,0.0,344,55,0,0,0.0,344,55,0.0,0.0,0,442,442,732,732,2.6,2.6,0.0,0.0,0.0,0.0,0.0,0.0,0.0,0.0,0.0,214,48,0.0,214,48,0.0,214,48,0.0,214,48,,,,1,,Nick,Pope,Pope,,,0,0,0,0,0,0,0,0,0,0,0,0,0,,,,0,0.0,0.0,0.0,0.0,0,0,0,98747,442,Nick,Pope,Pope,4,Goalkeeper,5.0,20260823T0423Z,mirror
443,a,,,4.5,402,25,0,0,0,0,0.0,511,58,0,0,0.0,237,36,0,0,0.0,237,36,0.0,0.0,0,30,30,33,33,1.9,1.9,0.0,0.0,0.0,0.0,0.0,0.0,0.0,0.0,0.0,76,24,0.0,76,24,0.0,76,24,0.0,76,24,,,,1,,Mark,Gillespie,Gillespie,,,0,0,0,0,0,0,0,0,0,0,0,0,0,,,,0,0.0,0.0,0.0,0.0,0,0,0,81441,443,Mark,Gillespie,Gillespie,4,Goalkeeper,4.5,20260823T0423Z,mirror
444,a,,,4.5,506,47,0,0,0,0,0.0,519,60,0,0,0.0,316,54,0,0,0.0,316,54,0.0,0.0,0,24,24,32,32,1.9,1.9,0.0,0.0,0.0,0.0,0.0,0.0,0.0,0.0,0.0,180,46,0.0,180,46,0.0,180,46,0.0,180,46,,,,1,,Ewen,Jaouen,Jaouen,,,0,0,0,0,0,0,0,0,0,0,0,0,0,,,,0,0.0,0.0,0.0,0.0,0,0,0,554578,444,Ewen,Jaouen,Jaouen,4,Goalkeeper,4.5,20260823T0423Z,mirror
445,a,,,5.0,317,60,0,0,0,0,1.6,143,60,0,0,0.0,410,162,0,0,0.0,410,162,0.0,0.0,0,1207,1207,820,820,2.2,2.2,0.0,0.0,0.0,0.0,0.0,0.0,0.0,0.0,0.0,300,147,0.0,300,147,0.0,300,147,0.0,300,147,,,,1,,Malick,Thiaw,Thiaw,,,0,0,0,0,0,0,0,0,0,0,0,0,0,,,,0,0.0,0.0,0.0,0.0,0,0,0,465642,445,Malick,Thiaw,Thiaw,4,Defender,5.0,20260823T0423Z,mirror
446,a,100.0,100.0,5.0,237,38,0,0,0,0,0.3,321,121,0,0,0.0,350,145,0,0,0.0,350,145,0.0,0.0,0,401,401,118,118,2.2,2.2,0.0,0.0,0.0,0.0,0.0,0.0,0.0,0.0,0.0,220,125,0.0,220,125,0.0,220,125,0.0,220,125,,2.0,,1,,Fabian,Schär,Schär,,,0,0,0,0,0,0,0,0,0,0,0,0,0,,,,0,0.0,0.0,0.0,0.0,0,0,0,119471,446,Fabian,Schär,Schär,4,Defender,5.0,20260823T0423Z,mirror
447,a,,,5.0,274,47,0,0,0,0,0.4,269,100,0,0,0.0,373,151,0,0,0.0,373,151,0.0,0.0,0,938,938,360,360,2.2,2.2,0.0,0.0,0.0,0.0,0.0,0.0,0.0,0.0,0.0,257,134,0.0,257,134,0.0,257,134,0.0,257,134,,,,1,,Sven,Botman,Botman,,,0,0,0,0,0,0,0,0,0,0,0,0,0,,,,0,0.0,0.0,0.0,0.0,0,0,0,220237,447,Sven,Botman,Botman,4,Defender,5.0,20260823T0423Z,mirror
448,a,,,5.0,227,35,0,0,0,0,2.5,113,46,0,0,0.0,342,143,0,0,0.0,342,143,0.0,0.0,0,4055,4055,1607,1607,2.2,2.2,0.0,0.0,0.0,0.0,0.0,0.0,0.0,0.0,0.0,210,122,0.0,210,122,0.0,210,122,0.0,210,122,,,,1,,Dan,Burn,Burn,,,0,0,0,0,0,0,0,0,0,0,0,0,0,,,,0,0.0,0.0,0.0,0.0,0,0,0,78916,448,Dan,Burn,Burn,4,Defender,5.0,20260823T0423Z,mirror
449,a,,,5.0,330,66,0,0,0,0,3.6,88,35,0,0,0.0,421,167,0,0,0.0,421,167,0.0,0.0,0,4925,4925,1574,1574,2.2,2.2,0.0,0.0,0.0,0.0,0.0,0.0,0.0,0.0,0.0,313,153,0.0,313,153,0.0,313,153,0.0,313,153,1.0,1.0,,1,,Lewis,Hall,Hall,,,0,0,0,0,0,0,0,0,0,0,0,0,0,,,,0,0.0,0.0,0.0,0.0,0,0,0,487838,449,Lewis,Hall,Hall,4,Defender,5.0,20260823T0423Z,mirror
450,i,0.0,0.0,5.0,303,55,0,0,0,0,0.0,488,168,0,0,0.0,397,157,0,0,0.0,397,157,0.0,0.0,0,22,22,279,279,0.0,0.0,0.0,0.0,0.0,0.0,0.0,0.0,0.0,0.0,0.0,286,142,0.0,286,142,0.0,286,142,0.0,286,142,,,,1,,Tino,Livramento,Livramento,Calf injury - Unknown return date,,0,0,0,0,0,0,0,0,0,0,0,0,0,,,,0,0.0,0.0,0.0,0.0,0,0,0,441191,450,Tino,Livramento,Livramento,4,Defender,5.0,20260823T0423Z,mirror
451,u,0.0,0.0,4.0,588,184,0,0,0,0,0.1,400,143,0,0,0.0,219,81,0,0,0.0,219,81,0.0,0.0,0,0,0,1014,1014,0.0,0.0,0.0,0.0,0.0,0.0,0.0,0.0,0.0,0.0,0.0,55,36,0.0,55,36,0.0,55,36,0.0,55,36,,,,1,,Alex,Murphy,A.Murphy,Has joined FC Kaiserslautern on loan for the rest of the season,,0,0,0,0,0,0,0,0,0,0,0,0,0,,,,0,0.0,0.0,0.0,0.0,0,0,0,545477,451,Alex,Murphy,A.Murphy,4,Defender,4.0,20260823T0423Z,mirror
453,a,,,6.0,67,45,0,0,0,0,1.1,184,60,0,0,0.0,539,225,0,0,0.0,539,225,0.0,0.0,0,1118,1118,608,608,2.1,2.1,0.0,0.0,0.0,0.0,0.0,0.0,0.0,0.0,0.0,505,200,0.0,505,200,0.0,505,200,0.0,505,200,,,,1,,Harvey,Barnes,Barnes,,,0,0,0,0,0,0,0,0,0,0,0,0,0,,,,0,0.0,0.0,0.0,0.0,0,0,0,201666,453,Harvey,Barnes,Barnes,4,Midfielder,6.0,20260823T0423Z,mirror
454,a,,,6.0,86,55,0,0,0,0,0.8,213,69,0,0,0.0,549,230,0,0,0.0,549,230,0.0,0.0,0,1065,1065,684,684,2.1,2.1,0.0,0.0,0.0,0.0,0.0,0.0,0.0,0.0,0.0,524,210,0.0,524,210,0.0,524,210,0.0,524,210,4.0,,,1,,Anthony,Elanga,Elanga,,,0,0,0,0,0,0,0,0,0,0,0,0,0,,,,0,0.0,0.0,0.0,0.0,0,0,0,449434,454,Anthony,Elanga,Elanga,4,Midfielder,6.0,20260823T0423Z,mirror
456,a,,,5.0,287,171,0,0,0,0,0.4,276,91,0,0,0.0,385,135,0,0,0.0,385,135,0.0,0.0,0,362,362,315,315,1.5,1.5,0.0,0.0,0.0,0.0,0.0,0.0,0.0,0.0,0.0,270,61,0.0,270,61,0.0,270,61,0.0,270,61,,,,1,,Jacob,Ramsey,J.Ramsey,,,0,0,0,0,0,0,0,0,0,0,0,0,0,,,,0,0.0,0.0,0.0,0.0,0,0,0,232653,456,Jacob,Ramsey,J.Ramsey,4,Midfielder,5.0,20260823T0423Z,mirror
457,a,,,6.0,59,40,0,0,0,0,0.2,368,135,0,0,0.0,536,222,0,0,0.0,536,222,0.0,0.0,0,139,139,121,121,2.1,2.1,0.0,0.0,0.0,0.0,0.0,0.0,0.0,0.0,0.0,497,195,0.0,497,195,0.0,497,195,0.0,497,195,2.0,,,1,,Jacob,Murphy,J.Murphy,,,0,0,0,0,0,0,0,0,0,0,0,0,0,,,,0,0.0,0.0,0.0,0.0,0,0,0,114243,457,Jacob,Murphy,J.Murphy,4,Midfielder,6.0,20260823T0423Z,mirror
458,i,0.0,0.0,5.5,127,78,0,0,0,0,0.0,504,212,0,0,0.0,481,190,0,0,0.0,481,190,0.0,0.0,0,7,7,208,208,0.0,0.0,0.0,0.0,0.0,0.0,0.0,0.0,0.0,0.0,0.0,396,134,0.0,396,134,0.0,396,134,0.0,396,134,,,,1,,Joelinton Cássio,Apolinário de Lira,Joelinton,Unspecified injury - Unknown return date,,0,0,0,0,0,0,0,0,0,0,0,0,0,,,,0,0.0,0.0,0.0,0.0,0,0,0,180974,458,Joelinton Cássio,Apolinário de Lira,Joelinton,4,Midfielder,5.5,20260823T0423Z,mirror
459,a,100.0,100.0,5.5,207,129,0,0,0,0,0.0,483,199,0,0,0.0,522,215,0,0,0.0,522,215,0.0,0.0,0,56,56,42,42,2.0,2.0,0.0,0.0,0.0,0.0,0.0,0.0,0.0,0.0,0.0,476,185,0.0,476,185,0.0,476,185,0.0,476,185,3.0,,,1,,Lewis,Miley,L.Miley,,,0,0,0,0,0,0,0,0,0,0,0,0,0,,,,0,0.0,0.0,0.0,0.0,0,0,0,547719,459,Lewis,Miley,L.Miley,4,Midfielder,5.5,20260823T0423Z,mirror
460,a,,,5.0,254,154,0,0,0,0,0.1,406,159,0,0,0.0,363,123,0,0,0.0,363,123,0.0,0.0,0,136,136,130,130,1.5,1.5,0.0,0.0,0.0,0.0,0.0,0.0,0.0,0.0,0.0,237,44,0.0,237,44,0.0,237,44,0.0,237,44,,,,1,,Joe,Willock,Willock,,,0,0,0,0,0,0,0,0,0,0,0,0,0,,,,0,0.0,0.0,0.0,0.0,0,0,0,200089,460,Joe,Willock,Willock,4,Midfielder,5.0,20260823T0423Z,mirror
461,a,,,6.0,109,70,0,0,0,0,0.3,317,110,0,0,0.0,566,240,0,0,0.0,566,240,0.0,0.0,0,130,130,153,153,2.1,2.1,0.0,0.0,0.0,0.0,0.0,0.0,0.0,0.0,0.0,547,225,0.0,547,225,0.0,547,225,0.0,547,225,,,,1,,Bazoumana,Touré,Touré,,,0,0,0,0,0,0,0,0,0,0,0,0,0,,,,0,0.0,0.0,0.0,0.0,0,0,0,611665,461,Bazoumana,Touré,Touré,4,Midfielder,6.0,20260823T0423Z,mirror
462,a,,,5.0,390,233,0,0,0,0,0.1,416,164,0,0,0.0,464,181,0,0,0.0,464,181,0.0,0.0,0,80,80,71,71,1.5,1.5,0.0,0.0,0.0,0.0,0.0,0.0,0.0,0.0,0.0,373,123,0.0,373,123,0.0,373,123,0.0,373,123,,,,1,,Sean,Steur,Steur,,,0,0,0,0,0,0,0,0,0,0,0,0,0,,,,0,0.0,0.0,0.0,0.0,0,0,0,636852,462,Sean,Steur,Steur,4,Midfielder,5.0,20260823T0423Z,mirror
463,a,,,6.0,92,23,0,0,0,0,1.8,132,19,0,0,0.0,554,59,0,0,0.0,554,59,0.0,0.0,0,1866,1866,1572,1572,2.0,2.0,0.0,0.0,0.0,0.0,0.0,0.0,0.0,0.0,0.0,530,55,0.0,530,55,0.0,530,55,0.0,530,55,,,1.0,1,,Nick,Woltemade,Woltemade,,,0,0,0,0,0,0,0,0,0,0,0,0,0,,,,0,0.0,0.0,0.0,0.0,0,0,0,470313,463,Nick,Woltemade,Woltemade,4,Forward,6.0,20260823T0423Z,mirror
464,a,,,6.0,72,19,0,0,0,0,1.7,141,21,0,0,0.0,543,57,0,0,0.0,543,57,0.0,0.0,0,1508,1508,1055,1055,2.0,2.0,0.0,0.0,0.0,0.0,0.0,0.0,0.0,0.0,0.0,510,51,0.0,510,51,0.0,510,51,0.0,510,51,,,3.0,1,,Yoane,Wissa,Wissa,,,0,0,0,0,0,0,0,0,0,0,0,0,0,,,,0,0.0,0.0,0.0,0.0,0,0,0,216646,464,Yoane,Wissa,Wissa,4,Forward,6.0,20260823T0423Z,mirror
465,a,,,6.0,103,26,0,0,0,0,0.9,196,30,0,0,0.0,561,61,0,0,0.0,561,61,0.0,0.0,0,655,655,791,791,2.0,2.0,0.0,0.0,0.0,0.0,0.0,0.0,0.0,0.0,0.0,541,58,0.0,541,58,0.0,541,58,0.0,541,58,,,2.0,1,,William,Osula,Osula,,,0,0,0,0,0,0,0,0,0,0,0,0,0,,,,0,0.0,0.0,0.0,0.0,0,0,0,538207,465,William,Osula,Osula,4,Forward,6.0,20260823T0423Z,mirror
466,a,,,4.5,523,71,0,0,0,0,0.8,215,36,0,0,0.0,331,33,0,0,0.0,331,33,0.0,0.0,0,1088,1088,874,874,1.0,1.0,0.0,0.0,0.0,0.0,0.0,0.0,0.0,0.0,0.0,197,11,0.0,197,11,0.0,197,11,0.0,197,11,,,,1,,Sean,Neave,Neave,,,0,0,0,0,0,0,0,0,0,0,0,0,0,,,,0,0.0,0.0,0.0,0.0,0,0,0,599303,466,Sean,Neave,Neave,4,Forward,4.5,20260823T0423Z,mirror
559,a,,,5.0,389,232,0,0,0,0,0.1,387,147,0,0,0.0,463,180,0,0,0.0,463,180,0.0,0.0,0,153,153,147,147,1.5,1.5,0.0,0.0,0.0,0.0,0.0,0.0,0.0,0.0,0.0,372,122,0.0,372,122,0.0,372,122,0.0,372,122,,,,1,,Aladji,Bamba,Bamba,,,0,0,0,0,0,0,0,0,0,0,0,0,0,,,,0,0.0,0.0,0.0,0.0,0,0,0,632794,559,Aladji,Bamba,Bamba,4,Midfielder,5.0,20260823T0423Z,mirror
567,a,,,5.0,322,19,0,0,0,0,0.7,231,31,0,0,0.0,414,64,0,0,0.0,414,64,0.0,0.0,0,190,190,448,448,2.6,2.6,0.0,0.0,0.0,0.0,0.0,0.0,0.0,0.0,0.0,305,61,0.0,305,61,0.0,305,61,0.0,305,61,,,,1,,Lukás,Hornícek,Horníček,,,0,0,0,0,0,0,0,0,0,0,0,0,0,,,,0,0.0,0.0,0.0,0.0,0,0,0,470551,567,Lukás,Hornícek,Horníček,4,Goalkeeper,5.0,20260823T0423Z,mirror
593,a,,,4.5,468,124,0,0,0,0,0.3,318,119,0,0,0.0,286,126,0,0,0.0,286,126,0.0,0.0,0,506,506,128,128,1.7,1.7,0.0,0.0,0.0,0.0,0.0,0.0,0.0,0.0,0.0,142,97,0.0,142,97,0.0,142,97,0.0,142,97,,,,1,,Amar,Dedic,Dedić,,,0,0,0,0,0,0,0,0,0,0,0,0,0,,,,0,0.0,0.0,0.0,0.0,0,0,0,463726,593,Amar,Dedic,Dedić,4,Defender,4.5,20260823T0423Z,mirror
467,a,,,5.0,228,5,0,0,0,0,1.6,148,22,2,2,2.0,78,8,0,11,2.0,78,8,0.4,0.4,0,366,366,933,933,2.6,2.6,0.0,0.0,0.0,0.47,0.0,0.0,0.0,0.47,0.0,211,47,0.0,211,47,0.0,211,47,0.0,211,47,,,,1,,Matz,Sels,Sels,,,90,0,0,0,1,0,0,0,0,0,2,1,0,,,,2,0.0,1.0,1.0,0.0,0,0,9,85633,467,Matz,Sels,Sels,17,Goalkeeper,5.0,20260823T0423Z,mirror
468,a,,,4.5,439,34,0,0,0,0,0.1,461,51,0,0,0.0,266,45,0,0,0.0,266,45,0.0,0.0,0,36,36,49,49,1.9,1.9,0.0,0.0,0.0,0.0,0.0,0.0,0.0,0.0,0.0,113,33,0.0,113,33,0.0,113,33,0.0,113,33,,,,1,,John Victor,Maciel Furtado,John,,,0,0,0,0,0,0,0,0,0,0,0,0,0,,,,0,0.0,0.0,0.0,0.0,0,0,0,221389,468,John Victor,Maciel Furtado,John,17,Goalkeeper,4.5,20260823T0423Z,mirror
469,a,,,5.0,270,45,0,0,0,0,10.1,42,15,2,2,2.0,82,32,0,13,2.0,82,32,0.4,0.4,0,4223,4223,5074,5074,2.2,2.2,0.0,0.02,0.02,0.47,0.0,0.02,0.02,0.47,0.0,253,132,0.0,253,132,0.0,253,132,0.0,253,132,1.0,2.0,,1,,Neco,Williams,N.Williams,,,90,0,0,0,1,0,0,0,0,0,0,1,6,,,,0,0.0,1.0,1.0,6.0,3,3,10,215136,469,Neco,Williams,N.Williams,17,Defender,5.0,20260823T0423Z,mirror
470,a,,,5.0,327,65,0,0,0,0,0.1,476,166,0,0,0.0,418,166,0,0,0.0,418,166,0.0,0.0,0,76,76,68,68,2.2,2.2,0.0,0.0,0.0,0.0,0.0,0.0,0.0,0.0,0.0,310,152,0.0,310,152,0.0,310,152,0.0,310,152,,,,1,,Felipe,Rodrigues da Silva,Morato,,,0,0,0,0,0,0,0,0,0,0,0,0,0,,,,0,0.0,0.0,0.0,0.0,0,0,0,485047,470,Felipe,Rodrigues da Silva,Morato,17,Defender,5.0,20260823T0423Z,mirror
471,a,,,5.5,147,17,0,0,0,0,2.0,122,50,2,2,2.0,90,33,0,4,2.0,90,33,0.4,0.4,0,599,599,1411,1411,2.5,2.5,0.11,0.02,0.13,0.47,0.11,0.02,0.13,0.47,0.0,416,172,0.0,416,172,0.0,416,172,0.0,416,172,,,,1,,Nikola,Milenković,Milenković,,,90,0,0,0,1,0,0,0,0,0,0,1,7,,,,0,0.0,1.0,1.0,7.0,0,7,6,227444,471,Nikola,Milenković,Milenković,17,Defender,5.5,20260823T0423Z,mirror
472,a,100.0,100.0,5.5,215,32,0,0,0,0,1.6,146,62,4,4,4.0,52,23,0,15,4.0,52,23,0.7,0.7,0,1724,1724,1097,1097,2.5,2.5,0.0,0.28,0.28,0.47,0.0,0.28,0.28,0.47,0.0,484,187,0.0,484,187,0.0,484,187,0.0,484,187,,3.0,,1,,Murillo,Costa dos Santos,Murillo,,,90,0,0,0,1,0,0,0,0,0,0,1,14,,,,0,0.0,1.0,1.0,14.0,2,12,3,575476,472,Murillo,Costa dos Santos,Murillo,17,Defender,5.5,20260823T0423Z,mirror
473,a,,,4.5,419,87,0,0,0,0,3.6,85,33,5,5,5.0,42,20,0,24,5.0,42,20,1.1,1.1,0,2876,2876,1987,1987,1.7,1.7,0.04,0.17,0.21,0.34,0.05,0.21,0.26,0.42,0.0,93,60,0.0,93,60,0.0,93,60,0.0,93,60,,,,1,,Ola,Aina,Aina,,,73,0,0,1,0,0,0,0,1,0,0,1,2,,,,0,1.23,0.0,1.23,2.47,0,2,4,159506,473,Ola,Aina,Aina,17,Defender,4.5,20260823T0423Z,mirror
474,a,,,4.5,513,142,0,0,0,0,0.2,331,124,1,1,1.0,129,53,0,5,1.0,129,53,0.2,0.2,0,67,67,153,153,1.7,1.7,0.0,0.0,0.0,0.47,0.0,0.0,0.0,0.47,0.0,187,115,0.0,187,115,0.0,187,115,0.0,187,115,,,,1,,Jair,Paula da Cunha Filho,Jair Cunha,,,90,0,0,0,1,0,0,0,1,0,0,1,8,,,,0,0.0,1.0,1.0,8.0,1,7,0,575458,474,Jair,Paula da Cunha Filho,Jair Cunha,17,Defender,4.5,20260823T0423Z,mirror
475,i,0.0,0.0,4.5,489,133,0,0,0,0,0.0,598,199,0,0,0.0,300,131,0,0,0.0,300,131,0.0,0.0,0,8,8,8,8,0.0,0.0,0.0,0.0,0.0,0.0,0.0,0.0,0.0,0.0,0.0,163,106,0.0,163,106,0.0,163,106,0.0,163,106,,,,1,,Nicolò,Savona,Savona,Knee injury - Unknown return date,,0,0,0,0,0,0,0,0,0,0,0,0,0,,,,0,0.0,0.0,0.0,0.0,0,0,0,500151,475,Nicolò,Savona,Savona,17,Defender,4.5,20260823T0423Z,mirror
476,a,,,4.0,557,162,0,0,0,0,0.3,319,120,0,0,0.0,197,68,0,0,0.0,197,68,0.0,0.0,0,159,159,211,211,1.0,1.0,0.0,0.0,0.0,0.0,0.0,0.0,0.0,0.0,0.0,24,14,0.0,24,14,0.0,24,14,0.0,24,14,,,,1,,Omar,Richards,O.Richards,,,0,0,0,0,0,0,0,0,0,0,0,0,0,,,,0,0.0,0.0,0.0,0.0,0,0,0,204822,476,Omar,Richards,O.Richards,17,Defender,4.0,20260823T0423Z,mirror
477,a,,,4.0,590,186,0,0,0,0,0.3,311,115,0,0,0.0,221,83,0,0,0.0,221,83,0.0,0.0,0,228,228,246,246,1.0,1.0,0.0,0.0,0.0,0.0,0.0,0.0,0.0,0.0,0.0,57,38,0.0,57,38,0.0,57,38,0.0,57,38,,,,1,,Zach,Abbott,Abbott,,,0,0,0,0,0,0,0,0,0,0,0,0,0,,,,0,0.0,0.0,0.0,0.0,0,0,0,549067,477,Zach,Abbott,Abbott,17,Defender,4.0,20260823T0423Z,mirror
478,a,,,4.5,472,126,0,0,0,0,0.0,525,177,1,1,1.0,123,49,0,-2,1.0,123,49,0.2,0.2,0,34,34,27,27,1.7,1.7,0.0,0.0,0.0,0.13,0.0,0.0,0.0,0.73,0.0,146,99,0.0,146,99,0.0,146,99,0.0,146,99,,,,1,,Luca,Netz,Netz,,,16,0,0,0,1,0,0,0,0,0,0,0,0,,,,0,0.0,5.62,0.0,0.0,0,0,1,470315,478,Luca,Netz,Netz,17,Defender,4.5,20260823T0423Z,mirror
479,a,,,4.0,586,182,0,0,0,0,0.2,350,133,0,0,0.0,218,80,0,0,0.0,218,80,0.0,0.0,0,96,96,131,131,1.0,1.0,0.0,0.0,0.0,0.0,0.0,0.0,0.0,0.0,0.0,53,34,0.0,53,34,0.0,53,34,0.0,53,34,,,,1,,Tyler,Bindon,Bindon,,,0,0,0,0,0,0,0,0,0,0,0,0,0,,,,0,0.0,0.0,0.0,0.0,0,0,0,538638,479,Tyler,Bindon,Bindon,17,Defender,4.0,20260823T0423Z,mirror
483,a,,,5.5,171,106,0,0,0,0,0.4,265,84,3,3,3.0,63,28,0,5,3.0,63,28,0.5,0.5,0,141,141,473,473,2.0,2.0,0.0,0.0,0.0,0.25,0.0,0.0,0.0,0.37,0.0,440,162,0.0,440,162,0.0,440,162,0.0,440,162,,,,1,,Dan,Ndoye,Ndoye,,,61,0,0,1,0,0,0,0,0,0,0,1,3,,,,0,1.48,0.0,1.48,4.43,1,1,1,456512,483,Dan,Ndoye,Ndoye,17,Midfielder,5.5,20260823T0423Z,mirror
480,a,,,8.0,8,5,0,0,0,0,11.6,34,12,2,2,2.0,103,51,0,10,2.0,103,51,0.2,0.2,0,2871,2871,10496,10496,2.8,2.8,0.13,0.06,0.19,0.47,0.13,0.06,0.19,0.47,0.0,594,260,0.0,594,260,0.0,594,260,0.0,594,260,,1.0,2.0,1,,Morgan,Gibbs-White,Gibbs-White,,,90,0,0,0,1,0,0,0,0,0,0,1,3,,,,0,0.0,1.0,1.0,3.0,0,1,2,222531,480,Morgan,Gibbs-White,Gibbs-White,17,Midfielder,8.0,20260823T0423Z,mirror
482,a,100.0,100.0,6.0,70,46,0,0,0,0,0.3,309,107,0,0,0.0,542,226,0,0,0.0,542,226,0.0,0.0,0,206,206,441,441,2.1,2.1,0.0,0.0,0.0,0.0,0.0,0.0,0.0,0.0,0.0,508,201,0.0,508,201,0.0,508,201,0.0,508,201,,4.0,,1,,Callum,Hudson-Odoi,Hudson-Odoi,,,0,0,0,0,0,0,0,0,0,0,0,0,0,,,,0,0.0,0.0,0.0,0.0,0,0,0,209046,482,Callum,Hudson-Odoi,Hudson-Odoi,17,Midfielder,6.0,20260823T0423Z,mirror
484,a,,,5.5,198,122,0,0,0,0,0.2,365,133,0,0,0.0,518,212,0,0,0.0,518,212,0.0,0.0,0,46,46,214,214,2.0,2.0,0.0,0.0,0.0,0.0,0.0,0.0,0.0,0.0,0.0,467,178,0.0,467,178,0.0,467,178,0.0,467,178,4.0,,,1,,Omari,Hutchinson,Hutchinson,,,0,0,0,0,0,0,0,0,0,0,0,0,0,,,,0,0.0,0.0,0.0,0.0,0,0,0,503301,484,Omari,Hutchinson,Hutchinson,17,Midfielder,5.5,20260823T0423Z,mirror
485,a,,,5.5,182,111,0,0,0,0,0.0,556,232,0,0,0.0,510,206,0,0,0.0,510,206,0.0,0.0,0,28,28,44,44,2.0,2.0,0.0,0.0,0.0,0.0,0.0,0.0,0.0,0.0,0.0,451,167,0.0,451,167,0.0,451,167,0.0,451,167,,,,1,,Dilane,Bakwa,Bakwa,,,0,0,0,0,0,0,0,0,0,0,0,0,0,,,,0,0.0,0.0,0.0,0.0,0,0,0,476887,485,Dilane,Bakwa,Bakwa,17,Midfielder,5.5,20260823T0423Z,mirror
486,a,,,5.5,157,98,0,0,0,0,0.0,500,210,3,3,3.0,62,27,0,18,3.0,62,27,0.5,0.5,0,83,83,46,46,2.0,2.0,0.0,0.16,0.16,0.34,0.0,0.2,0.2,0.42,0.0,426,154,0.0,426,154,0.0,426,154,0.0,426,154,3.0,,,1,,James,McAtee,McAtee,,,73,0,0,1,0,0,0,0,0,0,0,1,8,,,,0,1.23,0.0,1.23,9.86,1,2,5,432714,486,James,McAtee,McAtee,17,Midfielder,5.5,20260823T0423Z,mirror
487,a,,,5.0,294,176,0,0,0,0,0.1,438,176,0,0,0.0,392,140,0,0,0.0,392,140,0.0,0.0,0,51,51,118,118,1.5,1.5,0.0,0.0,0.0,0.0,0.0,0.0,0.0,0.0,0.0,277,66,0.0,277,66,0.0,277,66,0.0,277,66,,,,1,,Nicolás,Domínguez,Dominguez,,,0,0,0,0,0,0,0,0,0,0,0,0,0,,,,0,0.0,0.0,0.0,0.0,0,0,0,250199,487,Nicolás,Domínguez,Dominguez,17,Midfielder,5.0,20260823T0423Z,mirror
488,a,,,5.0,265,162,0,0,0,0,1.1,186,61,2,2,2.0,81,37,0,10,2.0,81,37,0.4,0.4,0,458,458,1055,1055,1.5,1.5,0.03,0.01,0.04,0.47,0.03,0.01,0.04,0.47,0.0,248,52,0.0,248,52,0.0,248,52,0.0,248,52,,,,1,,Ibrahim,Sangaré,I.Sangaré,,,90,0,0,0,1,0,0,0,0,0,0,1,6,,,,0,0.0,1.0,1.0,6.0,0,3,3,210462,488,Ibrahim,Sangaré,I.Sangaré,17,Midfielder,5.0,20260823T0423Z,mirror
489,i,0.0,0.0,4.5,434,243,0,0,0,0,1.8,129,41,0,0,0.0,263,88,0,0,0.0,263,88,0.0,0.0,0,184,184,8465,8465,0.0,0.0,0.0,0.0,0.0,0.0,0.0,0.0,0.0,0.0,0.0,108,5,0.0,108,5,0.0,108,5,0.0,108,5,,,,1,,Ryan,Yates,Yates,Unspecified injury - Unknown return date,,0,0,0,0,0,0,0,0,0,0,0,0,0,,,,0,0.0,0.0,0.0,0.0,0,0,0,204968,489,Ryan,Yates,Yates,17,Midfielder,4.5,20260823T0423Z,mirror
490,a,,,6.0,58,14,0,0,0,0,1.8,128,18,1,1,1.0,166,19,0,3,1.0,166,19,0.2,0.2,0,1070,1070,2411,2411,2.0,2.0,0.12,0.01,0.13,0.22,0.39,0.03,0.42,0.71,0.0,496,46,0.0,496,46,0.0,496,46,0.0,496,46,,,1.0,1,,Chris,Wood,Wood,,,28,0,0,0,1,0,0,0,0,0,0,0,1,,,,0,0.0,3.21,0.0,3.21,0,0,1,60689,490,Chris,Wood,Wood,17,Forward,6.0,20260823T0423Z,mirror
491,a,,,6.0,93,24,0,0,0,0,4.3,76,12,2,2,2.0,99,9,0,8,2.0,99,9,0.3,0.3,0,1774,1774,3580,3580,2.0,2.0,0.22,0.02,0.24,0.47,0.22,0.02,0.24,0.47,0.0,531,56,0.0,531,56,0.0,531,56,0.0,531,56,,,3.0,1,,Igor Jesus,Maciel da Cruz,Igor Jesus,,,90,0,0,0,1,0,0,0,0,0,0,1,3,,,,0,0.0,1.0,1.0,3.0,0,2,1,482973,491,Igor Jesus,Maciel da Cruz,Igor Jesus,17,Forward,6.0,20260823T0423Z,mirror
493,a,,,5.5,176,42,0,0,0,0,0.1,478,65,1,1,1.0,157,17,0,3,1.0,157,17,0.2,0.2,0,64,64,79,79,1.8,1.8,0.0,0.0,0.0,0.0,0.0,0.0,0.0,0.0,0.0,445,38,0.0,445,38,0.0,445,38,0.0,445,38,,,,1,,Arnaud,Kalimuendo,Kalimuendo,,,1,0,0,0,0,0,0,0,0,0,0,0,0,,,,0,0.0,0.0,0.0,0.0,0,0,0,465680,493,Arnaud,Kalimuendo,Kalimuendo,17,Forward,5.5,20260823T0423Z,mirror
558,a,,,5.0,259,157,0,0,0,0,0.1,414,163,1,1,1.0,135,57,0,3,1.0,135,57,0.2,0.2,0,37,37,117,117,1.5,1.5,0.0,0.0,0.0,0.13,0.0,0.0,0.0,0.73,0.0,242,47,0.0,242,47,0.0,242,47,0.0,242,47,2.0,,,1,,Xaver,Schlager,Schlager,,,16,0,0,0,1,0,0,0,0,0,0,0,1,,,,0,0.0,5.62,0.0,5.62,0,0,1,204561,558,Xaver,Schlager,Schlager,17,Midfielder,5.0,20260823T0423Z,mirror
581,a,,,5.5,212,31,0,0,0,0,0.8,212,81,0,0,0.0,525,190,0,0,0.0,525,190,0.0,0.0,0,1138,1138,1283,1283,2.5,2.5,0.0,0.0,0.0,0.0,0.0,0.0,0.0,0.0,0.0,481,186,0.0,481,186,0.0,481,186,0.0,481,186,,,,1,,Ousmane,Diomande,Diomande,,,0,0,0,0,0,0,0,0,0,0,0,0,0,,,,0,0.0,0.0,0.0,0.0,0,0,0,568420,581,Ousmane,Diomande,Diomande,17,Defender,5.5,20260823T0423Z,mirror
590,a,,,4.5,459,36,0,0,0,0,0.1,469,52,0,0,0.0,279,46,0,0,0.0,279,46,0.0,0.0,0,158,158,64,64,1.9,1.9,0.0,0.0,0.0,0.0,0.0,0.0,0.0,0.0,0.0,133,35,0.0,133,35,0.0,133,35,0.0,133,35,,,,1,,Steven,Benda,Benda,,,0,0,0,0,0,0,0,0,0,0,0,0,0,,,,0,0.0,0.0,0.0,0.0,0,0,0,428971,590,Steven,Benda,Benda,17,Goalkeeper,4.5,20260823T0423Z,mirror
112,a,,,5.0,319,62,0,0,0,0,10.8,36,13,1,1,1.0,138,58,0,2,1.0,138,58,0.2,0.2,0,16074,16074,8059,8059,2.2,2.2,0.0,0.03,0.03,3.96,0.0,0.03,0.03,3.96,0.0,302,149,0.0,302,149,0.0,302,149,0.0,302,149,,,,1,,Jan Paul,van Hecke,Van Hecke,,,90,0,0,0,3,0,0,0,0,0,0,1,6,,,,0,0.0,3.0,1.0,6.0,2,4,4,469142,112,Jan Paul,van Hecke,Van Hecke,6,Defender,5.0,20260823T0423Z,mirror
455,a,,,5.5,156,97,0,0,0,0,4.3,77,25,2,2,2.0,91,43,0,14,2.0,91,43,0.4,0.4,0,3551,3551,4202,4202,2.0,2.0,0.05,0.07,0.12,3.96,0.05,0.07,0.12,3.96,0.0,425,153,0.0,425,153,0.0,425,153,0.0,425,153,2.0,5.0,,1,,Sandro,Tonali,Tonali,,,90,0,0,0,3,0,0,0,0,0,0,1,4,,,,0,0.0,3.0,1.0,4.0,1,0,3,432422,455,Sandro,Tonali,Tonali,6,Midfielder,5.5,20260823T0423Z,mirror
494,u,0.0,0.0,4.5,425,32,0,0,0,0,0.3,287,37,0,0,0.0,255,43,0,0,0.0,255,43,0.0,0.0,0,0,0,3745,3745,0.0,0.0,0.0,0.0,0.0,0.0,0.0,0.0,0.0,0.0,0.0,99,31,0.0,99,31,0.0,99,31,0.0,99,31,,,,1,,Guglielmo,Vicario,Vicario,Has joined Juventus on loan for the rest of the season,,0,0,0,0,0,0,0,0,0,0,0,0,0,,,,0,0.0,0.0,0.0,0.0,0,0,0,184254,494,Guglielmo,Vicario,Vicario,6,Goalkeeper,4.5,20260823T0423Z,mirror
495,a,,,4.0,558,58,0,0,0,0,0.9,201,28,0,0,0.0,198,23,0,0,0.0,198,23,0.0,0.0,0,505,505,365,365,1.0,1.0,0.0,0.0,0.0,0.0,0.0,0.0,0.0,0.0,0.0,25,11,0.0,25,11,0.0,25,11,0.0,25,11,,,,1,,Brandon,Austin,Austin,,,0,0,0,0,0,0,0,0,0,0,0,0,0,,,,0,0.0,0.0,0.0,0.0,0,0,0,214572,495,Brandon,Austin,Austin,6,Goalkeeper,4.0,20260823T0423Z,mirror
496,a,,,4.5,477,41,0,0,0,0,24.2,13,2,2,2,2.0,76,7,0,13,2.0,76,7,0.4,0.4,0,5789,5789,6970,6970,1.9,1.9,0.0,0.0,0.0,3.96,0.0,0.0,0.0,3.96,0.0,151,40,0.0,151,40,0.0,151,40,0.0,151,40,,,,1,,Antonín,Kinský,Kinsky,,,90,0,0,0,3,0,0,0,0,0,5,1,0,,,,5,0.0,3.0,1.0,0.0,0,4,12,485055,496,Antonín,Kinský,Kinsky,6,Goalkeeper,4.5,20260823T0423Z,mirror
497,a,,,4.0,538,52,0,0,0,0,19.6,17,4,0,0,0.0,185,17,0,0,0.0,185,17,0.0,0.0,0,4145,4145,4388,4388,1.0,1.0,0.0,0.0,0.0,0.0,0.0,0.0,0.0,0.0,0.0,5,5,0.0,5,5,0.0,5,5,0.0,5,5,,,,1,,Martin,Dubravka,Dubravka,,,0,0,0,0,0,0,0,0,0,0,0,0,0,,,,0,0.0,0.0,0.0,0.0,0,0,0,67089,497,Martin,Dubravka,Dubravka,6,Goalkeeper,4.0,20260823T0423Z,mirror
498,a,,,6.0,73,7,0,0,0,0,8.2,51,20,3,3,3.0,66,27,0,11,3.0,66,27,0.5,0.5,0,3987,3987,6015,6015,2.8,2.8,0.0,0.02,0.02,3.96,0.0,0.02,0.02,3.96,0.0,511,192,0.0,511,192,0.0,511,192,0.0,511,192,,,,1,,Marcos,Senesi Barón,Senesi,,,90,0,0,0,3,0,0,0,0,0,0,1,15,,,,0,0.0,3.0,1.0,15.0,5,10,2,221466,498,Marcos,Senesi Barón,Senesi,6,Defender,6.0,20260823T0423Z,mirror
499,i,0.0,0.0,5.5,163,20,0,0,0,0,16.2,26,9,0,0,0.0,499,183,0,0,0.0,499,183,0.0,0.0,0,1275,1275,97240,97240,0.0,0.0,0.0,0.0,0.0,0.0,0.0,0.0,0.0,0.0,0.0,432,175,0.0,432,175,0.0,432,175,0.0,432,175,1.0,1.0,,1,,Pedro,Porro Sauceda,Pedro Porro,Lack of match fitness - Expected back 29 Aug,,0,0,0,0,0,0,0,0,0,0,0,0,0,,,,0,0.0,0.0,0.0,0.0,0,0,0,441164,499,Pedro,Porro Sauceda,Pedro Porro,6,Defender,5.5,20260823T0423Z,mirror
500,u,0.0,0.0,5.0,276,48,0,0,0,0,0.2,328,123,0,0,0.0,375,152,0,0,0.0,375,152,0.0,0.0,0,0,0,3854,3854,0.0,0.0,0.0,0.0,0.0,0.0,0.0,0.0,0.0,0.0,0.0,259,135,0.0,259,135,0.0,259,135,0.0,259,135,,,,1,,Cristian,Romero,Romero,Has joined Atletico Madrid permanently,,0,0,0,0,0,0,0,0,0,0,0,0,0,,,,0,0.0,0.0,0.0,0.0,0,0,0,221632,500,Cristian,Romero,Romero,6,Defender,5.0,20260823T0423Z,mirror
501,a,,,5.0,239,39,0,0,0,0,0.2,359,137,0,0,0.0,352,146,0,0,0.0,352,146,0.0,0.0,0,439,439,281,281,2.2,2.2,0.0,0.0,0.0,0.0,0.0,0.0,0.0,0.0,0.0,222,126,0.0,222,126,0.0,222,126,0.0,222,126,,,,1,,Kevin,Danso,Danso,,,0,0,0,0,0,0,0,0,0,0,0,0,0,,,,0,0.0,0.0,0.0,0.0,0,0,0,135720,501,Kevin,Danso,Danso,6,Defender,5.0,20260823T0423Z,mirror
502,a,,,4.5,415,85,0,0,0,0,4.0,80,30,3,3,3.0,54,25,0,14,3.0,54,25,0.7,0.7,0,5302,5302,1820,1820,1.7,1.7,0.0,0.06,0.06,3.96,0.0,0.06,0.06,3.96,0.0,89,58,0.0,89,58,0.0,89,58,0.0,89,58,3.0,,,1,,Andrew,Robertson,Robertson,,,90,0,0,0,3,0,0,0,0,0,0,1,11,,,,0,0.0,3.0,1.0,11.0,2,9,3,122798,502,Andrew,Robertson,Robertson,6,Defender,4.5,20260823T0423Z,mirror
503,i,0.0,0.0,5.0,336,67,0,0,0,0,5.2,66,27,0,0,0.0,427,168,0,0,0.0,427,168,0.0,0.0,0,762,762,39739,39739,0.0,0.0,0.0,0.0,0.0,0.0,0.0,0.0,0.0,0.0,0.0,319,154,0.0,319,154,0.0,319,154,0.0,319,154,,,,1,,Micky,van de Ven,Van de Ven,Unspecified injury - Expected back 29 Aug,,0,0,0,0,0,0,0,0,0,0,0,0,0,,,,0,0.0,0.0,0.0,0.0,0,0,0,491279,503,Micky,van de Ven,Van de Ven,6,Defender,5.0,20260823T0423Z,mirror
505,u,0.0,0.0,4.5,448,110,0,0,0,0,0.8,210,79,0,0,0.0,271,114,0,0,0.0,271,114,0.0,0.0,0,0,0,18078,18078,0.0,0.0,0.0,0.0,0.0,0.0,0.0,0.0,0.0,0.0,0.0,122,83,0.0,122,83,0.0,122,83,0.0,122,83,,,,1,,Djed,Spence,Spence,Has joined Internazionale permanently,,0,0,0,0,0,0,0,0,0,0,0,0,0,,,,0,0.0,0.0,0.0,0.0,0,0,0,232859,505,Djed,Spence,Spence,6,Defender,4.5,20260823T0423Z,mirror
506,a,,,4.5,478,129,0,0,0,0,0.5,248,93,1,1,1.0,126,51,0,3,1.0,126,51,0.2,0.2,0,653,653,509,509,1.7,1.7,0.0,0.02,0.02,0.35,0.0,0.45,0.45,7.88,0.0,152,102,0.0,152,102,0.0,152,102,0.0,152,102,,,,1,,Destiny,Udogie,Udogie,,,4,0,0,0,0,0,0,0,0,0,0,0,0,,,,0,0.0,0.0,0.0,0.0,0,0,2,487053,506,Destiny,Udogie,Udogie,6,Defender,4.5,20260823T0423Z,mirror
507,u,0.0,0.0,4.5,500,137,0,0,0,0,0.0,529,180,0,0,0.0,310,134,0,0,0.0,310,134,0.0,0.0,0,0,0,181,181,0.0,0.0,0.0,0.0,0.0,0.0,0.0,0.0,0.0,0.0,0.0,174,110,0.0,174,110,0.0,174,110,0.0,174,110,,,,1,,Ashley,Phillips,Phillips,Has joined Middlesbrough permanently,,0,0,0,0,0,0,0,0,0,0,0,0,0,,,,0,0.0,0.0,0.0,0.0,0,0,0,548308,507,Ashley,Phillips,Phillips,6,Defender,4.5,20260823T0423Z,mirror
508,a,,,4.0,544,152,0,0,0,0,1.1,182,71,0,0,0.0,190,64,0,0,0.0,190,64,0.0,0.0,0,983,983,823,823,1.0,1.0,0.0,0.0,0.0,0.0,0.0,0.0,0.0,0.0,0.0,11,4,0.0,11,4,0.0,11,4,0.0,11,4,,,,1,,Ben,Davies,Davies,,,0,0,0,0,0,0,0,0,0,0,0,0,0,,,,0,0.0,0.0,0.0,0.0,0,0,0,115556,508,Ben,Davies,Davies,6,Defender,4.0,20260823T0423Z,mirror
509,a,,,4.0,601,196,0,0,0,0,0.1,472,164,0,0,0.0,229,90,0,0,0.0,229,90,0.0,0.0,0,108,108,77,77,1.0,1.0,0.0,0.0,0.0,0.0,0.0,0.0,0.0,0.0,0.0,68,48,0.0,68,48,0.0,68,48,0.0,68,48,,,,1,,Jun'ai,Byfield,Byfield,,,0,0,0,0,0,0,0,0,0,0,0,0,0,,,,0,0.0,0.0,0.0,0.0,0,0,0,640419,509,Jun'ai,Byfield,Byfield,6,Defender,4.0,20260823T0423Z,mirror
510,a,,,4.0,582,179,0,0,0,0,0.1,446,157,0,0,0.0,214,77,0,0,0.0,214,77,0.0,0.0,0,83,83,83,83,1.0,1.0,0.0,0.0,0.0,0.0,0.0,0.0,0.0,0.0,0.0,49,31,0.0,49,31,0.0,49,31,0.0,49,31,,,,1,,James,Rowswell,Rowswell,,,0,0,0,0,0,0,0,0,0,0,0,0,0,,,,0,0.0,0.0,0.0,0.0,0,0,0,499716,510,James,Rowswell,Rowswell,6,Defender,4.0,20260823T0423Z,mirror
511,a,,,4.0,600,195,0,0,0,0,0.3,293,107,0,0,0.0,228,89,0,0,0.0,228,89,0.0,0.0,0,320,320,302,302,1.0,1.0,0.0,0.0,0.0,0.0,0.0,0.0,0.0,0.0,0.0,67,47,0.0,67,47,0.0,67,47,0.0,67,47,,,,1,,João Victor,de Souza Menezes,Souza,,,0,0,0,0,0,0,0,0,0,0,0,0,0,,,,0,0.0,0.0,0.0,0.0,0,0,0,616221,511,João Victor,de Souza Menezes,Souza,6,Defender,4.0,20260823T0423Z,mirror
512,d,25.0,25.0,6.5,48,34,0,0,0,0,0.1,437,175,0,0,0.0,578,250,0,0,0.0,578,250,0.0,0.0,0,56,56,478,478,0.6,0.6,0.0,0.0,0.0,0.0,0.0,0.0,0.0,0.0,0.0,567,242,0.0,567,242,0.0,567,242,0.0,567,242,5.0,3.0,2.0,1,,Mohammed,Kudus,Kudus,Thigh injury - 25% chance of playing,,0,0,0,0,0,0,0,0,0,0,0,0,0,,,,0,0.0,0.0,0.0,0.0,0,0,0,460842,512,Mohammed,Kudus,Kudus,6,Midfielder,6.5,20260823T0423Z,mirror
513,i,0.0,0.0,6.0,97,62,0,0,0,0,0.0,555,231,0,0,0.0,557,235,0,0,0.0,557,235,0.0,0.0,0,29,29,88,88,0.0,0.0,0.0,0.0,0.0,0.0,0.0,0.0,0.0,0.0,0.0,535,217,0.0,535,217,0.0,535,217,0.0,535,217,6.0,2.0,3.0,1,,Xavi,Simons,Xavi,Knee injury - Unknown return date,,0,0,0,0,0,0,0,0,0,0,0,0,0,,,,0,0.0,0.0,0.0,0.0,0,0,0,493362,513,Xavi,Simons,Xavi,6,Midfielder,6.0,20260823T0423Z,mirror
514,a,,,6.0,99,64,0,0,0,0,0.6,243,79,2,2,2.0,101,50,0,18,2.0,101,50,0.3,0.3,0,460,460,625,625,2.1,2.1,0.06,0.05,0.11,3.96,0.06,0.05,0.11,3.96,0.0,537,219,0.0,537,219,0.0,537,219,0.0,537,219,4.0,4.0,,1,,Mathys,Tel,Tel,,,90,0,0,0,3,0,0,0,0,0,0,1,9,,,,0,0.0,3.0,1.0,9.0,0,2,7,511499,514,Mathys,Tel,Tel,6,Midfielder,6.0,20260823T0423Z,mirror
515,a,,,6.5,34,22,0,0,0,0,1.4,164,50,1,1,1.0,176,81,0,6,1.0,176,81,0.2,0.2,0,1173,1173,1887,1887,2.3,2.3,0.0,0.02,0.02,0.77,0.0,0.08,0.08,3.15,0.0,553,230,0.0,553,230,0.0,553,230,0.0,553,230,,,,1,,James,Maddison,Maddison,,,22,0,0,0,0,0,0,0,0,0,0,0,2,,,,0,0.0,0.0,0.0,8.18,0,1,1,172780,515,James,Maddison,Maddison,6,Midfielder,6.5,20260823T0423Z,mirror
516,a,,,5.5,134,83,0,0,0,0,0.2,346,123,1,1,1.0,150,65,0,6,1.0,150,65,0.2,0.2,0,118,118,222,222,2.0,2.0,0.0,0.01,0.01,2.48,0.0,0.02,0.02,4.96,0.0,403,139,0.0,403,139,0.0,403,139,0.0,403,139,,,,1,,Rodrigo,Bentancur,Bentancur,,,45,0,0,0,1,0,0,0,0,0,0,0,6,,,,0,0.0,2.0,0.0,12.0,3,1,2,202993,516,Rodrigo,Bentancur,Bentancur,6,Midfielder,5.5,20260823T0423Z,mirror
517,i,0.0,0.0,5.5,210,132,0,0,0,0,0.0,603,266,0,0,0.0,523,216,0,0,0.0,523,216,0.0,0.0,0,2,2,6,6,0.0,0.0,0.0,0.0,0.0,0.0,0.0,0.0,0.0,0.0,0.0,479,188,0.0,479,188,0.0,479,188,0.0,479,188,,,,1,,Wilson,Odobert,Odobert,Knee injury - Unknown return date,,0,0,0,0,0,0,0,0,0,0,0,0,0,,,,0,0.0,0.0,0.0,0.0,0,0,0,550839,517,Wilson,Odobert,Odobert,6,Midfielder,5.5,20260823T0423Z,mirror
518,i,0.0,0.0,5.0,324,189,0,0,0,0,0.3,322,112,0,0,0.0,415,151,0,0,0.0,415,151,0.0,0.0,0,10,10,2339,2339,0.0,0.0,0.0,0.0,0.0,0.0,0.0,0.0,0.0,0.0,0.0,307,79,0.0,307,79,0.0,307,79,0.0,307,79,,,,1,,Pape Matar,Sarr,P.M.Sarr,Hamstring injury - Unknown return date,,0,0,0,0,0,0,0,0,0,0,0,0,0,,,,0,0.0,0.0,0.0,0.0,0,0,0,482442,518,Pape Matar,Sarr,P.M.Sarr,6,Midfielder,5.0,20260823T0423Z,mirror
519,a,,,5.5,148,91,0,0,0,0,0.3,291,97,0,0,0.0,493,198,0,1,0.0,493,198,0.0,0.0,0,289,289,416,416,2.0,2.0,0.02,0.06,0.08,1.48,0.04,0.12,0.16,2.96,0.0,417,147,0.0,417,147,0.0,417,147,0.0,417,147,,,,1,,Conor,Gallagher,Gallagher,,,45,0,0,0,2,0,0,0,1,0,0,1,3,,,,0,0.0,4.0,2.0,6.0,1,0,2,232787,519,Conor,Gallagher,Gallagher,6,Midfielder,5.5,20260823T0423Z,mirror
520,a,,,5.5,213,134,0,0,0,0,0.2,337,118,1,1,1.0,165,74,0,2,1.0,165,74,0.2,0.2,0,185,185,234,234,2.0,2.0,0.0,0.01,0.01,1.48,0.0,0.02,0.02,2.96,0.0,482,190,0.0,482,190,0.0,482,190,0.0,482,190,,,,1,,Lucas,Bergvall,Bergvall,,,45,0,0,0,2,0,0,0,0,0,0,1,8,,,,0,0.0,4.0,2.0,16.0,1,0,7,570526,520,Lucas,Bergvall,Bergvall,6,Midfielder,5.5,20260823T0423Z,mirror
521,i,0.0,0.0,6.5,46,33,0,0,0,0,0.0,572,242,0,0,0.0,576,249,0,0,0.0,576,249,0.0,0.0,0,22,22,42,42,0.0,0.0,0.0,0.0,0.0,0.0,0.0,0.0,0.0,0.0,0.0,565,241,0.0,565,241,0.0,565,241,0.0,565,241,,,,1,,Dejan,Kulusevski,Kulusevski,Knee injury - Unknown return date,,0,0,0,0,0,0,0,0,0,0,0,0,0,,,,0,0.0,0.0,0.0,0.0,0,0,0,445044,521,Dejan,Kulusevski,Kulusevski,6,Midfielder,6.5,20260823T0423Z,mirror
522,a,,,5.0,368,218,0,0,0,0,0.2,330,117,2,2,2.0,88,41,0,16,2.0,88,41,0.4,0.4,0,355,355,297,297,1.5,1.5,0.0,0.01,0.01,3.61,0.0,0.01,0.01,3.82,0.0,351,108,0.0,351,108,0.0,351,108,0.0,351,108,,,,1,,Archie,Gray,Gray,,,85,0,0,0,3,0,0,0,0,0,0,1,6,,,,0,0.0,3.18,1.06,6.35,1,3,2,547701,522,Archie,Gray,Gray,6,Midfielder,5.0,20260823T0423Z,mirror
523,a,,,5.0,344,198,0,0,0,0,0.2,356,129,2,2,2.0,86,39,0,10,2.0,86,39,0.4,0.4,0,192,192,229,229,1.5,1.5,0.27,0.02,0.29,3.19,0.36,0.03,0.39,4.29,0.0,327,88,0.0,327,88,0.0,327,88,0.0,327,88,,,,1,,Mikey,Moore,Moore,,,67,0,0,0,3,0,0,0,0,0,0,1,2,,,,0,0.0,4.03,1.34,2.69,1,0,1,499721,523,Mikey,Moore,Moore,6,Midfielder,5.0,20260823T0423Z,mirror
524,a,,,4.5,487,252,0,0,0,0,0.9,198,67,0,0,0.0,298,95,0,0,0.0,298,95,0.0,0.0,0,1126,1126,1131,1131,1.0,1.0,0.0,0.0,0.0,0.0,0.0,0.0,0.0,0.0,0.0,161,14,0.0,161,14,0.0,161,14,0.0,161,14,,,,1,,Callum,Olusesi,Olusesi,,,0,0,0,0,0,0,0,0,0,0,0,0,0,,,,0,0.0,0.0,0.0,0.0,0,0,0,499726,524,Callum,Olusesi,Olusesi,6,Midfielder,4.5,20260823T0423Z,mirror
525,a,,,6.0,104,67,0,0,0,0,2.0,123,38,1,1,1.0,175,80,0,16,1.0,175,80,0.2,0.2,0,1166,1166,2887,2887,2.1,2.1,0.0,0.04,0.04,2.48,0.0,0.08,0.08,4.96,0.0,542,222,0.0,542,222,0.0,542,222,0.0,542,222,,,,1,,Mateus,Fernandes,Fernandes,,,45,0,0,0,1,0,0,0,0,0,0,0,2,,,,0,0.0,2.0,0.0,4.0,1,0,1,551226,525,Mateus,Fernandes,Fernandes,6,Midfielder,6.0,20260823T0423Z,mirror
526,a,,,6.0,61,15,0,0,0,0,1.5,158,22,1,1,1.0,167,20,0,3,1.0,167,20,0.2,0.2,0,1288,1288,1840,1840,2.0,2.0,0.07,0.0,0.07,0.77,0.29,0.0,0.29,3.15,0.0,499,47,0.0,499,47,0.0,499,47,0.0,499,47,,,1.0,1,,Dominic,Solanke-Mitchell,Solanke,,,22,0,0,0,0,0,0,0,0,0,0,0,0,,,,0,0.0,0.0,0.0,0.0,0,0,0,154566,526,Dominic,Solanke-Mitchell,Solanke,6,Forward,6.0,20260823T0423Z,mirror
527,a,,,6.0,71,18,0,0,0,0,3.2,101,13,2,2,2.0,97,7,0,6,2.0,97,7,0.3,0.3,0,3081,3081,2717,2717,2.0,2.0,0.0,0.0,0.0,3.19,0.0,0.0,0.0,4.29,0.0,509,50,0.0,509,50,0.0,509,50,0.0,509,50,,,4.0,1,,Richarlison,de Andrade,Richarlison,,,67,0,0,0,3,0,0,0,0,0,0,1,1,,,,0,0.0,4.03,1.34,1.34,0,1,0,212319,527,Richarlison,de Andrade,Richarlison,6,Forward,6.0,20260823T0423Z,mirror
528,a,,,4.5,482,61,0,0,0,0,1.8,135,20,0,0,0.0,293,24,0,0,0.0,293,24,0.0,0.0,0,2363,2363,1773,1773,1.0,1.0,0.0,0.0,0.0,0.0,0.0,0.0,0.0,0.0,0.0,156,1,0.0,156,1,0.0,156,1,0.0,156,1,,,,1,,Dane,Scarlett,Scarlett,,,0,0,0,0,0,0,0,0,0,0,0,0,0,,,,0,0.0,0.0,0.0,0.0,0,0,0,490145,528,Dane,Scarlett,Scarlett,6,Forward,4.5,20260823T0423Z,mirror
601,a,,,4.5,526,262,0,0,0,0,0.0,595,260,0,0,0.0,332,105,0,0,0.0,332,105,0.0,0.0,0,34,34,2,2,1.0,1.0,0.0,0.0,0.0,0.0,0.0,0.0,0.0,0.0,0.0,200,24,0.0,200,24,0.0,200,24,0.0,200,24,,,,1,,Luca,Williams-Barnett,Williams-Barnett,,,0,0,0,0,0,0,0,0,0,0,0,0,0,,,,0,0.0,0.0,0.0,0.0,0,0,0,611917,601,Luca,Williams-Barnett,Williams-Barnett,6,Midfielder,4.5,20260823T0423Z,mirror
529,a,,,5.0,341,20,0,0,0,0,4.4,75,11,1,1,1.0,140,12,0,7,1.0,140,12,0.2,0.2,0,790,790,2667,2667,2.6,2.6,0.0,0.0,0.0,1.8,0.0,0.0,0.0,1.8,0.0,324,62,0.0,324,62,0.0,324,62,0.0,324,62,,,,1,,Robin,Roefs,Roefs,,,90,0,0,0,2,0,0,0,0,0,1,1,0,,,,1,0.0,2.0,1.0,0.0,0,1,8,498016,529,Robin,Roefs,Roefs,56,Goalkeeper,5.0,20260823T0423Z,mirror
530,u,0.0,0.0,4.0,564,59,0,0,0,0,0.2,357,39,0,0,0.0,201,24,0,0,0.0,201,24,0.0,0.0,0,0,0,594,594,0.0,0.0,0.0,0.0,0.0,0.0,0.0,0.0,0.0,0.0,0.0,31,12,0.0,31,12,0.0,31,12,0.0,31,12,,,,1,,Anthony,Patterson,Patterson,Has joined Wrexham permanently,,0,0,0,0,0,0,0,0,0,0,0,0,0,,,,0,0.0,0.0,0.0,0.0,0,0,0,232571,530,Anthony,Patterson,Patterson,56,Goalkeeper,4.0,20260823T0423Z,mirror
531,a,,,4.5,493,44,0,0,0,0,0.1,425,48,0,0,0.0,304,51,0,0,0.0,304,51,0.0,0.0,0,46,46,86,86,1.9,1.9,0.0,0.0,0.0,0.0,0.0,0.0,0.0,0.0,0.0,167,43,0.0,167,43,0.0,167,43,0.0,167,43,,,,1,,Melker,Ellborg,Ellborg,,,0,0,0,0,0,0,0,0,0,0,0,0,0,,,,0,0.0,0.0,0.0,0.0,0,0,0,515046,531,Melker,Ellborg,Ellborg,56,Goalkeeper,4.5,20260823T0423Z,mirror
532,a,,,5.0,280,51,0,0,0,0,5.7,64,25,0,0,0.0,379,155,0,4,0.0,379,155,0.0,0.0,0,2706,2706,3859,3859,2.2,2.2,0.0,0.01,0.01,1.8,0.0,0.01,0.01,1.8,0.0,263,138,0.0,263,138,0.0,263,138,0.0,263,138,,,,1,,Daniel,Ballard,Ballard,,,90,0,0,0,2,0,0,0,1,0,0,1,9,,,,0,0.0,2.0,1.0,9.0,2,7,0,223827,532,Daniel,Ballard,Ballard,56,Defender,5.0,20260823T0423Z,mirror
533,a,100.0,100.0,5.5,133,14,0,0,0,0,2.9,107,43,0,0,0.0,484,179,0,0,0.0,484,179,0.0,0.0,0,1263,1263,3419,3419,2.5,2.5,0.0,0.0,0.0,0.0,0.0,0.0,0.0,0.0,0.0,402,169,0.0,402,169,0.0,402,169,0.0,402,169,,,,1,,Nordi,Mukiele,Mukiele,,,0,0,0,0,0,0,0,0,0,0,0,0,0,,,,0,0.0,0.0,0.0,0.0,0,0,0,200834,533,Nordi,Mukiele,Mukiele,56,Defender,5.5,20260823T0423Z,mirror
534,a,,,4.5,479,130,0,0,0,0,7.0,57,22,2,2,2.0,77,31,0,14,2.0,77,31,0.4,0.4,0,3124,3124,2991,2991,1.7,1.7,0.04,0.27,0.31,1.69,0.05,0.31,0.36,1.93,0.0,153,103,0.0,153,103,0.0,153,103,0.0,153,103,3.0,,,1,,Trai,Hume,Hume,,,79,0,0,0,1,0,0,0,0,0,0,1,4,,,,0,0.0,1.14,1.14,4.56,3,1,6,487676,534,Trai,Hume,Hume,56,Defender,4.5,20260823T0423Z,mirror
535,a,100.0,100.0,5.0,258,42,0,0,0,0,0.5,259,96,1,1,1.0,134,56,0,2,1.0,134,56,0.2,0.2,0,652,652,507,507,2.2,2.2,0.0,0.01,0.01,0.1,0.0,0.04,0.04,0.39,0.0,241,129,0.0,241,129,0.0,241,129,0.0,241,129,,,,1,,Omar,Alderete,Alderete,,,23,0,0,0,1,0,0,0,0,0,0,0,0,,,,0,0.0,3.91,0.0,0.0,0,0,2,201895,535,Omar,Alderete,Alderete,56,Defender,5.0,20260823T0423Z,mirror
536,a,,,4.5,460,119,0,0,0,0,0.5,258,95,1,1,1.0,121,48,0,9,1.0,121,48,0.2,0.2,0,180,180,249,249,1.7,1.7,0.0,0.29,0.29,1.8,0.0,0.29,0.29,1.8,0.0,134,92,0.0,134,92,0.0,134,92,0.0,134,92,,,,1,,Reinildo,Mandava,Reinildo,,,90,0,0,0,2,0,0,0,0,0,0,1,8,,,,0,0.0,2.0,1.0,8.0,3,5,5,434399,536,Reinildo,Mandava,Reinildo,56,Defender,4.5,20260823T0423Z,mirror
537,a,,,4.5,495,136,0,0,0,0,0.0,571,194,0,0,0.0,305,133,0,0,0.0,305,133,0.0,0.0,0,14,14,13,13,1.7,1.7,0.0,0.0,0.0,0.0,0.0,0.0,0.0,0.0,0.0,169,109,0.0,169,109,0.0,169,109,0.0,169,109,,,,1,,Jenson,Seelt,Seelt,,,0,0,0,0,0,0,0,0,0,0,0,0,0,,,,0,0.0,0.0,0.0,0.0,0,0,0,519634,537,Jenson,Seelt,Seelt,56,Defender,4.5,20260823T0423Z,mirror
538,u,0.0,0.0,4.0,577,176,0,0,0,0,0.1,467,163,0,0,0.0,209,74,0,0,0.0,209,74,0.0,0.0,0,0,0,247,247,0.0,0.0,0.0,0.0,0.0,0.0,0.0,0.0,0.0,0.0,0.0,44,28,0.0,44,28,0.0,44,28,0.0,44,28,,,,1,,Leo Fuhr,Hjelde,Hjelde,Has joined KV Mechelen on loan for the rest of the season,,0,0,0,0,0,0,0,0,0,0,0,0,0,,,,0,0.0,0.0,0.0,0.0,0,0,0,477547,538,Leo Fuhr,Hjelde,Hjelde,56,Defender,4.0,20260823T0423Z,mirror
539,a,,,4.0,548,155,0,0,0,0,3.7,84,32,1,1,1.0,108,35,0,1,1.0,108,35,0.2,0.2,0,1064,1064,1483,1483,1.0,1.0,0.01,0.01,0.02,1.69,0.01,0.01,0.02,2.3,0.0,15,7,0.0,15,7,0.0,15,7,0.0,15,7,,,,1,,Luke,O'Nien,O'Nien,,,66,0,0,0,1,0,0,0,1,0,0,1,5,,,,0,0.0,1.36,1.36,6.82,1,4,4,167512,539,Luke,O'Nien,O'Nien,56,Defender,4.0,20260823T0423Z,mirror
540,u,0.0,0.0,4.0,541,150,0,0,0,0,0.3,316,118,0,0,0.0,188,63,0,0,0.0,188,63,0.0,0.0,0,0,0,1231,1231,0.0,0.0,0.0,0.0,0.0,0.0,0.0,0.0,0.0,0.0,0.0,8,2,0.0,8,2,0.0,8,2,0.0,8,2,,,,1,,Arthur,Masuaku,Masuaku,Has joined Konyaspor permanently,,0,0,0,0,0,0,0,0,0,0,0,0,0,,,,0,0.0,0.0,0.0,0.0,0,0,0,105717,540,Arthur,Masuaku,Masuaku,56,Defender,4.0,20260823T0423Z,mirror
541,a,100.0,100.0,4.5,404,81,0,0,0,0,0.3,290,106,1,1,1.0,116,43,0,5,1.0,116,43,0.2,0.2,0,217,217,160,160,1.7,1.7,0.08,0.08,0.16,1.8,0.08,0.08,0.16,1.8,0.0,78,54,0.0,78,54,0.0,78,54,0.0,78,54,,,,1,,Thomas,Meunier,Meunier,,,90,0,0,0,2,0,0,0,0,0,0,1,4,,,,0,0.0,2.0,1.0,4.0,2,2,3,93605,541,Thomas,Meunier,Meunier,56,Defender,4.5,20260823T0423Z,mirror
542,a,,,6.0,94,59,0,0,0,0,10.2,40,14,2,2,2.0,100,49,0,13,2.0,100,49,0.3,0.3,0,2385,2385,9434,9434,2.1,2.1,0.0,0.03,0.03,1.69,0.0,0.03,0.03,1.93,0.0,532,214,0.0,532,214,0.0,532,214,0.0,532,214,1.0,2.0,2.0,1,,Enzo,Le Fée,E.Le Fée,,,79,0,0,0,1,0,0,0,0,0,0,1,2,,,,0,0.0,1.14,1.14,2.28,1,0,1,484420,542,Enzo,Le Fée,E.Le Fée,56,Midfielder,6.0,20260823T0423Z,mirror
543,a,,,5.5,206,128,0,0,0,0,0.1,454,184,1,1,1.0,163,72,0,3,1.0,163,72,0.2,0.2,0,47,47,102,102,2.0,2.0,0.03,0.0,0.03,0.1,0.27,0.0,0.27,0.9,0.0,475,184,0.0,475,184,0.0,475,184,0.0,475,184,,,1.0,1,,Habib,Diarra,Diarra,,,10,0,0,0,1,0,0,0,0,0,0,0,0,,,,0,0.0,9.0,0.0,0.0,0,0,0,547027,543,Habib,Diarra,Diarra,56,Midfielder,5.5,20260823T0423Z,mirror
544,a,,,5.5,114,74,0,0,0,0,4.4,72,23,9,9,9.0,15,7,2,31,9.0,15,7,1.6,1.6,0,3769,3769,1815,1815,2.0,2.0,0.0,0.09,0.09,1.8,0.0,0.09,0.09,1.8,0.0,383,130,0.0,383,130,0.0,383,130,0.0,383,130,2.0,1.0,,1,,Granit,Xhaka,Xhaka,,,90,0,1,0,2,0,0,0,0,0,0,1,13,,,,0,0.0,2.0,1.0,13.0,3,2,8,84450,544,Granit,Xhaka,Xhaka,56,Midfielder,5.5,20260823T0423Z,mirror
545,a,,,5.0,378,225,0,0,0,0,0.4,281,93,2,2,2.0,89,42,0,18,2.0,89,42,0.4,0.4,0,234,234,319,319,1.5,1.5,0.06,0.03,0.09,1.8,0.06,0.03,0.09,1.8,0.0,361,115,0.0,361,115,0.0,361,115,0.0,361,115,,,,1,,Noah,Sadiki,Sadiki,,,90,0,0,0,2,0,0,0,0,0,0,1,2,,,,0,0.0,2.0,1.0,2.0,0,0,2,577669,545,Noah,Sadiki,Sadiki,56,Midfielder,5.0,20260823T0423Z,mirror
546,i,0.0,0.0,5.0,360,210,0,0,0,0,0.1,429,170,0,0,0.0,443,166,0,0,0.0,443,166,0.0,0.0,0,7,7,790,790,0.0,0.0,0.0,0.0,0.0,0.0,0.0,0.0,0.0,0.0,0.0,343,100,0.0,343,100,0.0,343,100,0.0,343,100,,,,1,,Simon,Adingra,Adingra,Ankle injury - Unknown return date,,0,0,0,0,0,0,0,0,0,0,0,0,0,,,,0,0.0,0.0,0.0,0.0,0,0,0,535818,546,Simon,Adingra,Adingra,56,Midfielder,5.0,20260823T0423Z,mirror
547,a,,,5.0,312,183,0,0,0,0,0.0,580,247,0,0,0.0,406,146,0,0,0.0,406,146,0.0,0.0,0,12,12,22,22,1.5,1.5,0.0,0.0,0.0,0.0,0.0,0.0,0.0,0.0,0.0,295,73,0.0,295,73,0.0,295,73,0.0,295,73,,,,1,,Romaine,Mundle,Mundle,,,0,0,0,0,0,0,0,0,0,0,0,0,0,,,,0,0.0,0.0,0.0,0.0,0,0,0,461199,547,Romaine,Mundle,Mundle,56,Midfielder,5.0,20260823T0423Z,mirror
548,a,,,5.0,373,221,0,0,0,0,0.1,455,185,1,1,1.0,143,61,0,3,1.0,143,61,0.2,0.2,0,24,24,55,55,1.5,1.5,0.0,0.0,0.0,0.1,0.0,0.0,0.0,0.9,0.0,356,111,0.0,356,111,0.0,356,111,0.0,356,111,,,,1,,Chris,Rigg,Rigg,,,10,0,0,0,1,0,0,0,0,0,0,0,1,,,,0,0.0,9.0,0.0,9.0,0,0,1,554197,548,Chris,Rigg,Rigg,56,Midfielder,5.0,20260823T0423Z,mirror
549,a,,,5.5,208,130,0,0,0,0,0.2,327,115,1,1,1.0,164,73,0,1,1.0,164,73,0.2,0.2,0,78,78,283,283,2.0,2.0,0.0,0.0,0.0,0.14,0.0,0.0,0.0,0.41,0.0,477,186,0.0,477,186,0.0,477,186,0.0,477,186,,,,1,,Chemsdine,Talbi,Talbi,,,31,0,0,0,1,0,0,0,0,0,0,0,2,,,,0,0.0,2.9,0.0,5.81,0,0,2,549912,549,Chemsdine,Talbi,Talbi,56,Midfielder,5.5,20260823T0423Z,mirror
550,a,,,5.0,396,237,0,0,0,0,0.0,583,250,0,0,0.0,468,184,0,0,0.0,468,184,0.0,0.0,0,8,8,16,16,1.5,1.5,0.0,0.0,0.0,0.0,0.0,0.0,0.0,0.0,0.0,379,127,0.0,379,127,0.0,379,127,0.0,379,127,,,,1,,Djiamgone Jocelin Ta,Bi,Jocelin.T,,,0,0,0,0,0,0,0,0,0,0,0,0,0,,,,0,0.0,0.0,0.0,0.0,0,0,0,699989,550,Djiamgone Jocelin Ta,Bi,Jocelin.T,56,Midfielder,5.0,20260823T0423Z,mirror
551,a,,,5.0,362,212,0,0,0,0,0.1,450,181,5,5,5.0,44,16,0,23,5.0,44,16,1.0,1.0,0,846,846,119,119,1.5,1.5,0.15,0.01,0.16,1.66,0.23,0.02,0.25,2.58,0.0,345,102,0.0,345,102,0.0,345,102,0.0,345,102,,3.0,,1,,Nilson,Angulo,Angulo,,,58,1,0,0,1,0,0,0,1,0,0,1,7,,,,0,0.0,1.55,1.55,10.86,1,1,5,536661,551,Nilson,Angulo,Angulo,56,Midfielder,5.0,20260823T0423Z,mirror
552,a,,,6.0,82,21,0,0,0,0,14.1,29,6,2,2,2.0,98,8,0,1,2.0,98,8,0.3,0.3,0,5699,5699,7700,7700,2.0,2.0,0.3,0.0,0.3,1.69,0.41,0.0,0.41,2.3,0.0,520,53,0.0,520,53,0.0,520,53,0.0,520,53,,,,1,,Brian,Brobbey,Brobbey,,,66,0,0,0,1,0,0,0,0,0,0,1,0,,,,0,0.0,1.36,1.36,0.0,0,0,0,441264,552,Brian,Brobbey,Brobbey,56,Forward,6.0,20260823T0423Z,mirror
553,a,,,5.5,160,38,0,0,0,0,1.0,192,28,1,1,1.0,154,16,0,3,1.0,154,16,0.2,0.2,0,480,480,1214,1214,1.8,1.8,0.0,0.0,0.0,0.1,0.0,0.0,0.0,0.39,0.0,429,34,0.0,429,34,0.0,429,34,0.0,429,34,,,,1,,Wilson,Isidor,Isidor,,,23,0,0,0,1,0,0,0,0,0,0,0,0,,,,0,0.0,3.91,0.0,0.0,0,0,0,437505,553,Wilson,Isidor,Isidor,56,Forward,5.5,20260823T0423Z,mirror
